text,label,label_name
"there are a couple payments with my card shown in the app that i really make myself. what's going on with this, maybe someone has access to my card?!",8,card_payment_not_recognised
i was overcharged an additional pound.,15,extra_charge_on_statement
what is this witdrawal,11,cash_withdrawal_not_recognised
the exchange rate for my withdrawal was wrong.,29,wrong_exchange_rate_for_cash_withdrawal
"the atm will not let me get cash, why?",13,declined_cash_withdrawal
why hasn't my card payment cleared yet?,16,pending_card_payment
i have been charged a fee for getting cash,10,cash_withdrawal_charge
is there a reason my refund isn't showing on my statement?,20,Refund_not_showing_up
i made a payment but the app cancelled it.,22,reverted_card_payment?
my account seems a bit off and getting weird charges.,25,transaction_charged_twice
i tried to use my card to withdrawal money from the atm in notting hill but it didn't work. this is the first time i've tried using it. is my card working?,13,declined_cash_withdrawal
i made a cash withdrawl and there is a charge. what is this?,10,cash_withdrawal_charge
why is my payment in pending status?,16,pending_card_payment
i have an incorrect charge and would like a refund.,21,request_refund
"i do not like this, i made a simple transfer but i have an additional charge for doing so.",26,transfer_fee_charged
why hasn't my cash arrived from a deposited check?,2,balance_not_updated_after_cheque_or_cash_deposit
"i paid with my card and got charged an extra fee, what's up with that?",7,card_payment_fee_charged
"my card payment is just showing up as pending and it has been a while , what's going on with that, it should be going through at some point?",16,pending_card_payment
i transferred some cash and it has not arrived yet.,27,transfer_not_received_by_recipient
"my transfer is pending, why?",19,pending_transfer
"hi, i draw out some money from the atm today. the atm has given me wrong amount and the application is displaying more amount than i withdraw.",28,wrong_amount_of_cash_received
"i thought you offer crypto top up but it doesn't seem to be right ? money just disappeared from my account, how it would work ?",24,top_up_reverted
how to track the card you sent,5,card_arrival
i was charged twice for the same thing.,25,transaction_charged_twice
"my new card is here, what's the process for activating it?",0,activate_my_card
"why are you charging for cash withdrawals? i went to withdraw some money earlier today after getting my groceries, and it appears there is a fee that wasn't there before",10,cash_withdrawal_charge
can you please explain why the exchange rate for the item i bought is wrong?,9,card_payment_wrong_exchange_rate
"hello, i made a payment with my card and it's not working. it's been a while and still says its pending. can you tell when this will go through?",16,pending_card_payment
do you also have this extra fee on your statement?,15,extra_charge_on_statement
why was a payment cancelled on my account?,22,reverted_card_payment?
where has my transferred money gone?,27,transfer_not_received_by_recipient
what is the process for activating my card and using it?,0,activate_my_card
"i got double charged from something, what can i do?",25,transaction_charged_twice
is there a problem that makes my payments show pending?,16,pending_card_payment
i don't understand why i'm being charged for using my card.,7,card_payment_fee_charged
looks like my top-up has been cancelled,23,top_up_failed
why wouldn't my withdrawal go through?,13,declined_cash_withdrawal
i have been charged a fee that i didn't know about. why have you charged me extra for card payments?,7,card_payment_fee_charged
i think somebody made an unauthorized copy of my card. my account has a cash withdrawal for 500£ that i did not make. please help.,11,cash_withdrawal_not_recognised
is the 1 pound charge going to be reimbursed on my card?,15,extra_charge_on_statement
i cannot see a refund in my account,20,Refund_not_showing_up
"could you refund my transaction, i paid it into the wrong account. i need to be able to pay it into the right account by tomorrow.",4,cancel_transfer
"there is an extra charge on my account i didn't authorise, it's just £1, what is it?",15,extra_charge_on_statement
using international atms messes up the exchange rate.,29,wrong_exchange_rate_for_cash_withdrawal
my card isn't here yet.,5,card_arrival
why was i charged when taking out money?,10,cash_withdrawal_charge
"i'm having an issue with transaction. i topped up my account and saw it went through, but that was a few days ago and the money isn't in my account any more. what's up with that?",24,top_up_reverted
hello! i randomly got charged an extra fee today as i was shopping online and i have no idea why! are there extra fees for card payments? or am i missing something here?,7,card_payment_fee_charged
there is a charge for an additional pound.,15,extra_charge_on_statement
i wanted to know about a pending dollar that is on my statement.,15,extra_charge_on_statement
how long does it take for a money transfer to show up?,19,pending_transfer
"i just got my new card, how do i activate it?",0,activate_my_card
"i transferred money to another country several days ago, but my transaction is still pending. i have checked that the accounts are keyed in correctly. what sees to be the problem?",19,pending_transfer
how do i see my card in the app?,6,card_linking
"i made a mistake on the last transfer i made, who must i speak with to cancel?",4,cancel_transfer
please can you block the transaction i just sent from my account? it was a payment but i accidently typed in the wrong details and think it might have gone to the wrong place.,4,cancel_transfer
i made a cash withdrawal earlier and it's showing as pending. what does that mean?,17,pending_cash_withdrawal
can i receive a refund for an item i purchased?,21,request_refund
"a 500 pound cash withdrawal was just made from my account, but i didn't make it. i am pretty sure my card has been compromised - can you help me?",11,cash_withdrawal_not_recognised
i checked my account and see that funds were deducted from a seller i didn't approve of. can you help me understand?,14,direct_debit_payment_not_recognised
foreign currency rates were put in wrong at an atm i used.,29,wrong_exchange_rate_for_cash_withdrawal
"help! i tried to get cash and it gave me some, but not the right amount!",28,wrong_amount_of_cash_received
"please help me in this, as i was unable to make any payment by my new card, it was getting declined repeatedly. i am not very happy with this incident.",12,declined_card_payment
there was an unexpected fee for my cash withdrawal!,10,cash_withdrawal_charge
my card payment had the wrong exchange rate,9,card_payment_wrong_exchange_rate
"could i please cancel my transfer, i paid it into the wrong account. i need to pay it into the right account by tomorrow.",4,cancel_transfer
when will my transfer come through?,1,balance_not_updated_after_bank_transfer
how do i make my card show up in the app?,6,card_linking
my package is taking too long to arrive and i don't want it anymore. can i get a refund?,21,request_refund
the app says i got cash from an atm but i didn't,11,cash_withdrawal_not_recognised
"i've been trying to transfer funds to top-up my card, but the transaction is not going through. is there something i'm doing wrong?",23,top_up_failed
my product hasn't arrived even though i ordered it a while ago. i want a refund!,21,request_refund
i have two of the same charges on my account!,25,transaction_charged_twice
i did not receive my full withdrawal amount,28,wrong_amount_of_cash_received
my refund isn't showing up on my statement.,20,Refund_not_showing_up
explain the extra atm fees.,10,cash_withdrawal_charge
"i noticed a fee, while banking abroad, that seems different than any i have been charged before. what does this fee mean?",26,transfer_fee_charged
"hello, just now i got to know withdrawal of money from of my account. as someone used my card to withdraw amount in any odd remote area. since i have not been in that area, please freeze my card immediately.",11,cash_withdrawal_not_recognised
i would like to cancel a transfer,4,cancel_transfer
it is urgency. please freeze my card now. as someone in some odd remote town has withdrawn some money by using my card. as i did not withdraw any money.,11,cash_withdrawal_not_recognised
what is this extra fee while i was doing a transfer?,26,transfer_fee_charged
why is there an extra €1 fee in my statement?,15,extra_charge_on_statement
it appears my top-ups have been canceled.,24,top_up_reverted
i tried to withdraw 40 pounds but only 20 came out. did you steal my money?,28,wrong_amount_of_cash_received
i see a direct debit payment on my statement that wasn't me,14,direct_debit_payment_not_recognised
my order needs to be canceled.,21,request_refund
"i put money in my account a week ago but its still not there, what is happening?",2,balance_not_updated_after_cheque_or_cash_deposit
what is the charge for paying with my card?,7,card_payment_fee_charged
"my card payment has been declined, why?",12,declined_card_payment
i know i'm getting a new card but would like know when i can expect to receive it.,5,card_arrival
explain why i can't do a transfer to an account.,3,beneficiary_not_allowed
do eu transfers happen quickly? i purchased something a few days ago and the seller hasn't received my money yet.,19,pending_transfer
if i find a card i lost do i need to dispose of it? or can i re-active the card and continue to use it?,6,card_linking
i do not recognize the card payment.,8,card_payment_not_recognised
does the package with my card have tracking?,5,card_arrival
i want to know why my top-up was reverted,24,top_up_reverted
can i check my recent refund in my statement?,20,Refund_not_showing_up
the refund doesn't show in my account,20,Refund_not_showing_up
"hey, i got charged extra for some reason when i purchased an app. is this a hidden fee or something? i don't think it's very cool.",15,extra_charge_on_statement
i have an unauthorized direct debit on my account,14,direct_debit_payment_not_recognised
why is the exchange rate different from what i expected?,9,card_payment_wrong_exchange_rate
"i got a card, how do i get it in the app?",6,card_linking
how do i link my card in the app.,6,card_linking
my card still hasn't been delivered,5,card_arrival
i found a transfer fee - is that correct?,26,transfer_fee_charged
"how do i activate my card, so that i can start using it?",0,activate_my_card
i want to be sure that everything is okay here. i just made a transfer from a uk account and it is still not showing up. how long does this typically take?,1,balance_not_updated_after_bank_transfer
my money disappeared! please help??,24,top_up_reverted
why did my card payment get declined?,12,declined_card_payment
after making a payment with my card it doesn't seem to have worked. it's just showing to be pending. when will this actually be going through?,16,pending_card_payment
"i deposited a check yesterday to up my account balance, but that deposit hasn't shown up yet. it's been a day already!",2,balance_not_updated_after_cheque_or_cash_deposit
my card isn't letting me purchase something and i wanted to know why.,3,beneficiary_not_allowed
i submitted a transaction but it was for the incorrect account.,4,cancel_transfer
why is my check still not showing up on my account? it's been a week already,2,balance_not_updated_after_cheque_or_cash_deposit
an incorrect exchange rate was applied to an item i bought.,9,card_payment_wrong_exchange_rate
i tried transferring to an account but it didn't go through. what happened?,3,beneficiary_not_allowed
i found a charge on my debit that i did not make.,14,direct_debit_payment_not_recognised
i need urgent help. i realize i sent my payment to the wrong account number. i made a typo. please cancel the transfer now. there isn't an option from the app.,4,cancel_transfer
the rate applied to my purchase in a foreign currency was wrong.,9,card_payment_wrong_exchange_rate
"my card payment has been declined, do you know why?",12,declined_card_payment
i tried to buy something online but my funds were transferred back to my account. what is happening?,22,reverted_card_payment?
why would the app show a withdrawal that i did not make?,11,cash_withdrawal_not_recognised
have have a small charge on my account from someone i purchased with but i'm not sure what it relates to.,15,extra_charge_on_statement
"someone withdrew money from my account, and it wasn't me.",11,cash_withdrawal_not_recognised
please tell me how the exchange rate is determined. i was expecting more money for the transaction.,29,wrong_exchange_rate_for_cash_withdrawal
i tried to withdraw $100 but only got $20. what happened?,28,wrong_amount_of_cash_received
im going to need to make a transfer from a uk account but i need it to go through asap. is that going to be possible or will it take forever?? im hoping it will be a couple hours and not a couple weeks.,1,balance_not_updated_after_bank_transfer
when will a refund post to my account?,20,Refund_not_showing_up
i am seeing in the app a some cash withdrawal that i did not do,11,cash_withdrawal_not_recognised
"i'm stuck here at your broken atm and i don't know what to do next. asked for 30 pounds, got 10. atm said i got 30. something very wrong here and i want my money now!",28,wrong_amount_of_cash_received
"i want to start using my card, how do i activate it?",0,activate_my_card
i just made a transfer from france 2 days ago. it has not yet reached my bank. is it possible it takes longer because it was an international transfer?,1,balance_not_updated_after_bank_transfer
"when i went to $100, all the machine would give me was $20.",28,wrong_amount_of_cash_received
why did you charge me for taking out cash?,10,cash_withdrawal_charge
how long does it take for pending to go through,19,pending_transfer
was i charged more than i should of been for a currency exchange?,9,card_payment_wrong_exchange_rate
how long will it take for me to get my card?,5,card_arrival
"help, the atm didn't give me all the money i requested",28,wrong_amount_of_cash_received
where can i link a new card?,6,card_linking
i need to do a card activation.,0,activate_my_card
"this past holiday i made a withdraw at the atm machine, and it seems i've been charged too much.",29,wrong_exchange_rate_for_cash_withdrawal
how come i was charged an extra fee when paying with the card?,7,card_payment_fee_charged
i'm confused as to why my top-up did not go through.,23,top_up_failed
my top-up hasn't happened yet.,18,pending_top_up
how do i get my money back for a duplicated charge?,25,transaction_charged_twice
what are these fees i am paying?,7,card_payment_fee_charged
i made a bank transfer but it doesn't seem to have gone through?,1,balance_not_updated_after_bank_transfer
i got double charged!,25,transaction_charged_twice
why is the exchange rate different on my recent purchase?,9,card_payment_wrong_exchange_rate
my payment has been cancelled,22,reverted_card_payment?
there is an extra 1£ charge on my app. why did it charge me extra?,15,extra_charge_on_statement
"i withdrew money and got a fee, please explain",10,cash_withdrawal_charge
seems like my top-up has been cancelled,24,top_up_reverted
how long will my transaction take?,27,transfer_not_received_by_recipient
i have transferred some money but the balance hasn't changed,1,balance_not_updated_after_bank_transfer
i had a payment reverted and would like to figure out why.,22,reverted_card_payment?
"i see i was charged extra when i used the card. i am not sure why, please tell me why.",7,card_payment_fee_charged
"i guess exchange rate for my payment was not correct, as i charged extra on the last saturday.",9,card_payment_wrong_exchange_rate
i am still waiting for a transfer to show,19,pending_transfer
i payed with the card and there was an extra fee?,7,card_payment_fee_charged
explain why my top up has been reverted please.,24,top_up_reverted
i think the rate that was applied to my purchase using foreign currency is wrong. help!,9,card_payment_wrong_exchange_rate
"when i use my card, it says decline?",12,declined_card_payment
a seller is stating that they haven't received money yet when the money has already deducted from my account.,22,reverted_card_payment?
is it possible to refund an item?,21,request_refund
why are my withdrawals suddenly being declined?,13,declined_cash_withdrawal
it's been a week since i ordered my card and it's not here. please help?,5,card_arrival
why has a cash withdrawal charged me?,10,cash_withdrawal_charge
i do not know why i was charged for the $1 transaction.,15,extra_charge_on_statement
what steps do i have to take to activate my card?,0,activate_my_card
i made an atm withdrawal over the holiday and then later realized i was charged an exorbitant fee! i never would've made this withdrawal if i'd known i'd be charged so much.,29,wrong_exchange_rate_for_cash_withdrawal
i have been charged for one thing two times.,25,transaction_charged_twice
"when i withdrew my money, why was there an extra charge?",10,cash_withdrawal_charge
how come there is an extra fee on my statement?,15,extra_charge_on_statement
i sent a cheque a few days ago and i noticed that no money has been put on my account. can you please tell me the situation of my account?,2,balance_not_updated_after_cheque_or_cash_deposit
i just got my card. it's not linked yet--how do i do that?,6,card_linking
my top-up was cancelled and i am writing to ask if i need to complete the 3d secure authentication section before i submit it.,24,top_up_reverted
there is a direct debit transaction on my statement that i think is not mine. how do i remove?,14,direct_debit_payment_not_recognised
seems like my top up has been cancelled,24,top_up_reverted
i wanted to take out $100 but i only got $20.,28,wrong_amount_of_cash_received
it is common for an international transfer to take 2 days or longer? i made a transfer from france 2 days ago and i have not seen it yet.,1,balance_not_updated_after_bank_transfer
why is the check i deposited this morning not showing up?,2,balance_not_updated_after_cheque_or_cash_deposit
i received duplicate charges.,25,transaction_charged_twice
what should i do if i see an unauthorized withdrawal on my statement?,11,cash_withdrawal_not_recognised
why did i get charged more for using my card?,7,card_payment_fee_charged
there is a direct debit payment that i did not make.,14,direct_debit_payment_not_recognised
i got less cash than what i specified for through the atm.,28,wrong_amount_of_cash_received
i would like to have assistance with activating my card.,0,activate_my_card
why did you give me so little currency?,29,wrong_exchange_rate_for_cash_withdrawal
can you tell me what the cash withdrawal is in my statement?,11,cash_withdrawal_not_recognised
it appears as though my card payment was duplicated. i paid at the store earlier today. the first time it was declined and the second time it worked. the app is still showing one of the payments to be pending. please take one of these off because clearly the first was declined and is not correct.,25,transaction_charged_twice
"i deposited a cheque, why isn't my balance showing that i did?",2,balance_not_updated_after_cheque_or_cash_deposit
i am planning activating my card was it possible?,0,activate_my_card
i bought something online and it says there was a fee to transfer money. isn't that free?,26,transfer_fee_charged
"please help me, as my topup amount has been reverted, i did it correctly. i think there is some defect in system.",24,top_up_reverted
"i want to transfer money to a beneficiary, but i couldn't.",3,beneficiary_not_allowed
how long do i have to wait until the transferred money shows up?,1,balance_not_updated_after_bank_transfer
"i was trying to use my card and it was declined, when i tried to find out what happened i found cash withdraw for $500 that i didn't do. can you please help figure this out?",11,cash_withdrawal_not_recognised
online banking is not showing my cheque or cash deposit so the balance is incorrect.,2,balance_not_updated_after_cheque_or_cash_deposit
why hasn't my son received the transfer i sent to him earlier?,27,transfer_not_received_by_recipient
"i tried to take out some money from an atm earlier today and it was declined. looking on my screen now, i still see that it's pending for that amount. i didn't actually get that money, so i don't want it processed on my account.",17,pending_cash_withdrawal
can i link a card of yours i already have?,6,card_linking
there is a payment that is not mine in the app.,8,card_payment_not_recognised
how long will it take for my cash withdrawal to stop pending,17,pending_cash_withdrawal
"i need an accurate exchange rate, when i make my withdrawals.",29,wrong_exchange_rate_for_cash_withdrawal
why has my top-up been returned to my account?,24,top_up_reverted
i am unhappy with an item i bought. how do i get a refund?,21,request_refund
why am i seeing a transfer fee on my bank statement?,26,transfer_fee_charged
why do i see an extra fee on my statement?,15,extra_charge_on_statement
the day before yesterday i transferred funds to another account within the country. the funds have not yet arrived. i double and triple checked the account number and it was correct. why hasn't the transfer been completed yet?,27,transfer_not_received_by_recipient
why am i being a charged for using my card?,7,card_payment_fee_charged
"hello, i have noticed a problem on my recent withdrawal at the banks atm machine. i made a transaction and upon receiving my funds from the machine, a fee was assessed to my withdrawal. are these types of transactions free of charge?",10,cash_withdrawal_charge
"i tried to make a top-up and it was canceled, why is that?",24,top_up_reverted
please update me on whether you have received the funds for the refund of the large purchase i made recently. i have requested this from the merchant days ago but still haven't got anything.,20,Refund_not_showing_up
i tried transferring to an account but it won't let me.,3,beneficiary_not_allowed
why am i being charged to make cash withdrawals? i thought they were supposed to be free!,10,cash_withdrawal_charge
"i don't think the transaction has gone through, so can i cancel a transfer?",4,cancel_transfer
how long does it take for a refund to appear?,20,Refund_not_showing_up
"in my statement, there was an extra €1 fee",15,extra_charge_on_statement
why did you charge a fee when i withdrew from an atm?,10,cash_withdrawal_charge
i got charged in double and want a refund,25,transaction_charged_twice
i was using a foreign currecy to make a payment and the applied the wrong rate.,9,card_payment_wrong_exchange_rate
why hasn't my refund appeared on my statement?,20,Refund_not_showing_up
"hi, i'm trying to by some crypto and the app isn't allowing it. i really want to exchange this, what am i doing wrong?",3,beneficiary_not_allowed
why am i being charged for withdrawing cash but haven't in the past?,10,cash_withdrawal_charge
i noticed an extra charge on the purchase that i made last saturday on my account. can you see if i received the correct exchange rate?,9,card_payment_wrong_exchange_rate
why was there an extra charge with the withdrawal of my money?,10,cash_withdrawal_charge
i can't withdraw money,13,declined_cash_withdrawal
can you please advise if there is something wrong with my card? i have had multiple rejections and do not know the reason. thanks!,12,declined_card_payment
i have an unknown direct debit payment on my account,14,direct_debit_payment_not_recognised
"i deposited cash this morning, but it is not yet available.",2,balance_not_updated_after_cheque_or_cash_deposit
i see a reverted payment on my account. why has this happened?,22,reverted_card_payment?
i havent got my card,5,card_arrival
the balance hasn't changed yet after depositing a cheque with some money.,2,balance_not_updated_after_cheque_or_cash_deposit
my app shows a direct debit that isn't mine.,14,direct_debit_payment_not_recognised
how do i track the card you sent to me?,5,card_arrival
i have a new card and i need to activate it.,0,activate_my_card
my money i added isn't on my card.,23,top_up_failed
i didn't initiate a direct debit that i see on my account,14,direct_debit_payment_not_recognised
my top-up seems to be pending for a long time?,18,pending_top_up
how long will it take for my cash withdrawal to no longer show as pending?,17,pending_cash_withdrawal
help my money isnt showing up,1,balance_not_updated_after_bank_transfer
"i just topped up, and the app denied it.",23,top_up_failed
i bought an item and the exchange rate was wrong.,9,card_payment_wrong_exchange_rate
my wallet was just stolen and i see my account already has a withdrawal. can you please help me.,11,cash_withdrawal_not_recognised
i was charged the wrong exchange rate on a purchase,9,card_payment_wrong_exchange_rate
why is there a fee for a payment on my card?,7,card_payment_fee_charged
i could not get money from an atm,13,declined_cash_withdrawal
"it says that my payment is pending, what does that mean?",16,pending_card_payment
how do i know when my new card is going to arrive?,5,card_arrival
i have my card now how do i activate it?,0,activate_my_card
help! i just realised someone has apparently withdrawn money using my card! it's from some odd remote town where i definitely haven't been. please freeze it immediately!,11,cash_withdrawal_not_recognised
why is this payment on my app,8,card_payment_not_recognised
i would like my card activated.,0,activate_my_card
the payment for the card did not go through,12,declined_card_payment
what do i do if i got the wrong amount at the atm?,28,wrong_amount_of_cash_received
"hello, is there any way to double check my card? i have never had issues with withdraws in the past, but this morning on the way to work it was unexpectedly declined.",13,declined_cash_withdrawal
the balance has not been updated.,1,balance_not_updated_after_bank_transfer
"the exchange rate you're using is terrible - this can't be the official interbank exchange rate, can it?",9,card_payment_wrong_exchange_rate
why is there an extra fee on my statement?,15,extra_charge_on_statement
my card was not accepted in a shop,12,declined_card_payment
"i'm not sure why my payment has been declined? please tell me why, i thought it was all good.",12,declined_card_payment
what happened! i asked for 30 pounds at your atm and only go 10. the machine lied about it too. it said i received the full 30 pounds. someone better help me asap on this.,28,wrong_amount_of_cash_received
i need assistance with activating my new card.,0,activate_my_card
i'm still waiting on my new card to be delivered!,5,card_arrival
why did you charge me more for my purchase? it was a foreign currency and you didn't offer market rate,9,card_payment_wrong_exchange_rate
i need help right now. i realize i sent my payment to the wrong account number after making a typo. please cancel the transfer now since i can't do it from the app.,4,cancel_transfer
"hello, i tried to take out some money out of the atm, but it's still showing that it's pending? i really don't want to be charged for this.",17,pending_cash_withdrawal
there is a payment showing as pending and hasn't posted for a few days. when will it post?,16,pending_card_payment
what is the time frame that it usually takes for a transfer to come through? i have a friend needing it immediately but it has yet to come through.,27,transfer_not_received_by_recipient
what happened to my top-up? it's not reflected.,18,pending_top_up
why was i not able to get cash from the atm?,13,declined_cash_withdrawal
is there a place to check for fee for payments? i feel like i'm getting charged too much at times.,7,card_payment_fee_charged
"how long do eu transfers take? i bought something online a couple of days ago , sent the money immediately online but the seller says it is still not there yet.",19,pending_transfer
is there a charge for getting cash?,10,cash_withdrawal_charge
how come i got to pay to get my money from the atm?,10,cash_withdrawal_charge
should my cash withdrawal still be pending?,17,pending_cash_withdrawal
a refund is taking too long.,20,Refund_not_showing_up
"i'm pretty frustrated about a pound charge that keeps showing up in my account statement. it's listed in the app as ""pending"", it never changes, and now i'm thinking someone's hacked my account!",15,extra_charge_on_statement
i am waiting for a payment to be processed,16,pending_card_payment
what is the $1 transaction on my account?,15,extra_charge_on_statement
my payment came back for something i'm trying to buy online? it's been doing it for two weeks. do you know what the issue is?,22,reverted_card_payment?
what are the steps that i need to take to activate a new card?,0,activate_my_card
when will the transaction be done?,27,transfer_not_received_by_recipient
my top up did not go through yet.,18,pending_top_up
i am missing cash from my bank account according to my app,11,cash_withdrawal_not_recognised
i am unable to use my top-up on the app. could you explain this to me?,24,top_up_reverted
why was money taken for a transfer?,26,transfer_fee_charged
help. my account has been deducted already and the seller says they haven't received the money yet? when can they expect it?,22,reverted_card_payment?
i would like to get an item refunded,21,request_refund
i made a cash deposit a few days ago and it's still not reflected in my account. do you know what might have happened?,2,balance_not_updated_after_cheque_or_cash_deposit
how can i tell if there will be a fee added to my payment or not?,7,card_payment_fee_charged
i thought crypto top up with something you offered and it does not appear that it's working even though the money has disappeared out of my account. can you tell me what's going on?,24,top_up_reverted
please help me! a payment i made had an error on the account number and i can't cancel on my side. can you cancel it?,4,cancel_transfer
is there extra fees for making a withdraw in a different country at a cash machine.,29,wrong_exchange_rate_for_cash_withdrawal
i have used this account overseas recently. has there been an increase in fees that i am unaware of?,26,transfer_fee_charged
how can i fix my bank transfer to show up on my bank account?,1,balance_not_updated_after_bank_transfer
i've been using my account while abroad for a while but only recently i've been charged a fee. why am i only being charged a fee now.,26,transfer_fee_charged
explain why a card payment would be cancelled?,22,reverted_card_payment?
i really need to top-up my card today urgently but my card keeps getting declined!! can you please resolve this problem or try an alternative,23,top_up_failed
i was charged the wing amount for an item.,9,card_payment_wrong_exchange_rate
why was i charged a small amount,15,extra_charge_on_statement
my top-up is taking a while to process!,18,pending_top_up
i wanted to top up my account and it doesn't look like it worked,23,top_up_failed
what do i do about a debit on my account that i didn't make?,14,direct_debit_payment_not_recognised
why was i charged for a cash withdrawal at the atm?,10,cash_withdrawal_charge
how can i investigate a missing refund?,20,Refund_not_showing_up
hi. please can you help me fix a double charge on my card? i'm looking at my transactions and this restaurant i went to earlier in the week has charged me twice! please remove the additional charge for me.,25,transaction_charged_twice
i did not make a cash withdrawal that is on my statement,11,cash_withdrawal_not_recognised
my cash transaction isn't showing on my account,27,transfer_not_received_by_recipient
my card payment was cancelled. why?,22,reverted_card_payment?
i saw a fee on my app from one of my payments and i wasn't sure where it came from. is there a way you can tell me when there's an additional fee for my payments?,7,card_payment_fee_charged
my money hasn't been deposited yet. when will it be?,18,pending_top_up
there's a duplicate charge on my account?,25,transaction_charged_twice
what does it mean if my top-up has not gone through?,18,pending_top_up
why is my last cheque deposit taking so long?,2,balance_not_updated_after_cheque_or_cash_deposit
the item i bought exchanged rate was incorrect.,9,card_payment_wrong_exchange_rate
is it possible to reactivate the card i thought i lost but found this morning in my jacket?,6,card_linking
why didn't i receive the right amount of cash?,28,wrong_amount_of_cash_received
how do i cancel a recent transfer?,4,cancel_transfer
"my card payment is just showing up as pending since forever, what's going on with that, when should it be going through?",16,pending_card_payment
the exchange rate used on your app is really bad. i'm considering closing my account because of it.,9,card_payment_wrong_exchange_rate
why was my withdrawal requested cancelled by the atm?,13,declined_cash_withdrawal
i don't have my card after 1 week. what are my next steps?,5,card_arrival
i wanna revert a transaction i did this morning.,4,cancel_transfer
i was charged a hidden fee when i paid with card.,7,card_payment_fee_charged
"i tried using a foreign currency at an atm, but the atm provided me an incorrect rate. why is that?",29,wrong_exchange_rate_for_cash_withdrawal
"please, i need your help as to whether or not you have money for a large refunded purchase i made. i requested it some time ago from the seller, but nothing is showing up.",20,Refund_not_showing_up
my card payment says pending and it hasn't changed,16,pending_card_payment
i want this fee reversed from my account.,21,request_refund
how come i can't put money in my top up account?,24,top_up_reverted
can you help me track my card?,5,card_arrival
"after i make a payment, how long will it be before it transitions from ""pending"" to complete?",16,pending_card_payment
i topped up my card but the app rejected it.,23,top_up_failed
i did not set up a direct debit i have,14,direct_debit_payment_not_recognised
my exchange rate looks wrong for my last payment,9,card_payment_wrong_exchange_rate
i want a refund on the things i bought,21,request_refund
my top-up was reverted by the app.,24,top_up_reverted
tell me why my transfer is pending.,19,pending_transfer
can i have the item refunded?,21,request_refund
my payment had a wrong exchange rate.,9,card_payment_wrong_exchange_rate
"i sent money to someone but they haven't gotten it, what's going on?",27,transfer_not_received_by_recipient
hello i changed my mind and really need a refund on something i bought recently. can you please cancel the transaction and get me my money back. please it's urgent.,21,request_refund
i did not charge my account for that transaction. that's an error.,8,card_payment_not_recognised
hello. i just noticed i was charged two times for a restaurant i visited this week. can you reverse the additional charge?,25,transaction_charged_twice
i use my card internationally to manage payments and i just noticed that you are adding additional fees. why? i am a good customer and this has me thinking about leaving.,26,transfer_fee_charged
how do i receive a refund for my item?,21,request_refund
"i am tired of getting charged fees, and i have no idea why, please let me know what/when you charge fees for.",7,card_payment_fee_charged
it shows that the transfer on my account wasn't allowed.,3,beneficiary_not_allowed
a receiver let me know that they didn't receive the full transfer i completed and that it was actually a bit less than what i sent. at this point i have to make another transfer to make up for the amount missing. can you please follow up with what's going on here?,26,transfer_fee_charged
i don't think my top up worked,23,top_up_failed
the purchase i made is still pending.,16,pending_card_payment
what am i supposed to do if the funds haven't show up from a transfer completed this morning?,19,pending_transfer
hello. how do i go about getting a refund of an item i bought ? i want to cancel the payment since i have not received the item yet.,21,request_refund
"hello. i bought an item a while ago, and have since requested a refund. however, upon checking my online statements, it seems that i haven't been issued a refund yet. how can this be remedied?",20,Refund_not_showing_up
"where can i find out the fee structure for my account? i have been charged fees for some transactions, but not for other ones. i can't find a pattern in these fees.",7,card_payment_fee_charged
how long does it take for money to transfer? i sent some to a friend and it hasn't gone through yet.,27,transfer_not_received_by_recipient
why is my transfer still pending after all this time?,19,pending_transfer
what is needed to activate my card?,0,activate_my_card
there is a withdrawal on my account i didn't make.,11,cash_withdrawal_not_recognised
your exchange rate was off. i was charged extra on my payment that i made last saturday.,9,card_payment_wrong_exchange_rate
it's only been a few weeks my my top-up got cancelled,24,top_up_reverted
i bought something and already paid for it but now i don't see it.,22,reverted_card_payment?
how do i activate my new card i just got?,0,activate_my_card
"i made an international purchase, but the exchange rate was wrong",9,card_payment_wrong_exchange_rate
why is there a fee for doing a transfer?,26,transfer_fee_charged
"hi, i want to inquire about my balance. some cash was deposited and it hasn't updated yet.",2,balance_not_updated_after_cheque_or_cash_deposit
why was i charged extra when transferring?,26,transfer_fee_charged
"i tried to withdraw cash and got declined, why is that?",13,declined_cash_withdrawal
i sent some money and the account hasn't recived the transfer i made.,27,transfer_not_received_by_recipient
"hi, i have done a topup, but my money was reverted. please look into this issue.",24,top_up_reverted
"i got some cash at an atm earlier, but now app is showing that i withdrew more than i did. help!",28,wrong_amount_of_cash_received
the atm keeps rejecting my payment. i tried two different atms but did not work .can you please check if everything is okay with my account?,13,declined_cash_withdrawal
i believe my card has been compromised as there are funds showing that i did not receive.,11,cash_withdrawal_not_recognised
who charged me a fee for paying by card?,7,card_payment_fee_charged
i saw there is a cash withdrawal from my account via the app which i did not complete.,11,cash_withdrawal_not_recognised
"i want to reactivate my card, i thought i had lost it but found it again in my jacket.",6,card_linking
i really need to top-up my card today urgently but my card keeps getting declined!! can you please resolve this problem or let me know if you have any alternatives,23,top_up_failed
the exchange rate you are using is really bad.this can't be the official interbank exchange rate.,9,card_payment_wrong_exchange_rate
what is this extra fee on my statement.,15,extra_charge_on_statement
why am i charged a fee for getting cash?,10,cash_withdrawal_charge
i contacted the seller and he won't respond. please just refund me my money.,20,Refund_not_showing_up
my credit card payment has been in pending status for a super long time. i don't get it. why is it like this? when will it go through?,16,pending_card_payment
a payment is pending,16,pending_card_payment
tell me why my topup wouldn't go through?,23,top_up_failed
why has transferring money resulted in a charge?,26,transfer_fee_charged
why was i charged a fee for withdrawing money?,10,cash_withdrawal_charge
there is a pending 1£ charge on my statement. i haven't purchased anything for 1£. why is it on my statement?,15,extra_charge_on_statement
i withdrew cash and i think the exchange rate is wrong.,29,wrong_exchange_rate_for_cash_withdrawal
how come my card payment has been declined?,12,declined_card_payment
why hasn't my payment shown up yet?,16,pending_card_payment
i didn't receive my money earlier and it says the transaction is still in progress. can you fix it?,17,pending_cash_withdrawal
i had to pay a fee when buying items with my card.,7,card_payment_fee_charged
the card payment is declined. please inform me why.,12,declined_card_payment
my rate of exchange was wrong.,9,card_payment_wrong_exchange_rate
"i needed to make a payment on my account, but i typed in the incorrect number. the app won't allow me to cancel this transaction. i need it cancelled asap!!",4,cancel_transfer
how do i add the card i just received to show up in the app?,6,card_linking
still waiting for transfer to be completed.,27,transfer_not_received_by_recipient
the app won't let me transfer money to a beneficiary,3,beneficiary_not_allowed
"hi, i am experiencing problems while trying to top-up with my card. i have never experienced any problems doing this before. could you please help me?",23,top_up_failed
when will my top up be approved?,18,pending_top_up
i want my card i just received to show up in the app. how do i do that?,6,card_linking
why is my last transfer pending?,19,pending_transfer
a random charge got added to my card,8,card_payment_not_recognised
"i bought something while traveling, and the exchange rate was wrong.",9,card_payment_wrong_exchange_rate
why was i charged an extra fee when doing a transfer?,26,transfer_fee_charged
there is a payment that has not processed.,16,pending_card_payment
i used an atm and wanted to know why i was charged an extra fee.,10,cash_withdrawal_charge
i made a mistake and need to cancel a transfer.,4,cancel_transfer
how do i dispute a direct debit on my account?,14,direct_debit_payment_not_recognised
why is my top-up showing as reverted?,24,top_up_reverted
i keep checking my statements but no progress.i requested a refund but seems it's not reaching my account for some reason. can you please help me get the money back from the seller for me,20,Refund_not_showing_up
did i not get my refund? i don't see it.,20,Refund_not_showing_up
why did i get a fee from the atm?,10,cash_withdrawal_charge
there is a cash withdrawal from an atm listed but i don't remember making this withdrawal.,11,cash_withdrawal_not_recognised
"i tried to use my debit card, but the payment did not work.",22,reverted_card_payment?
why does a cash withdrawal show as pending?,17,pending_cash_withdrawal
my friend has not got the money i sent last week.,27,transfer_not_received_by_recipient
i'm getting concerned here. i sent a friend some money and she isn't seeing it. what's going on?,27,transfer_not_received_by_recipient
"i found my card, how can i use it again?",6,card_linking
what if my top up didn't work?,23,top_up_failed
i don't recognize a purchase that was made with my card.,8,card_payment_not_recognised
is there any reason why my card didn't work when i tried to top up?,23,top_up_failed
my transfer says pending. what does that mean?,19,pending_transfer
is there any way to cancel my transfer,4,cancel_transfer
"i attempted to top-up with my card this morning, but the transaction was unsuccessful. i received the card two days ago and was successful using it previously. could you please help me?",23,top_up_failed
"i notice a transaction a couple of weeks ago in my account, from a seller that i don't recognize. is there a way we can trace back the information to make sure it was truly something i did?",14,direct_debit_payment_not_recognised
card payment is showing as pending,16,pending_card_payment
why did a transaction i made charge me $1?,15,extra_charge_on_statement
i think someone may have cloned my card or something. my card isn't lost but i just saw a charge of $500 cash withdraw. can you help me?,11,cash_withdrawal_not_recognised
why was the wrong rate applied when i bought something in a different currency?,9,card_payment_wrong_exchange_rate
i noticed an extra pound charge?,15,extra_charge_on_statement
i thought transfers were free of charge. i bought something abroad and got charged a ridiculous fee. how do i get this problem fixed.,26,transfer_fee_charged
i couldn't get money from the atm,13,declined_cash_withdrawal
why has a transaction to a friend been delayed?,27,transfer_not_received_by_recipient
why am i being charged to transfer funds?,26,transfer_fee_charged
my account transfer was not cleared.,3,beneficiary_not_allowed
i took out some cash from the atm but it is still showing the transaction is pending.,17,pending_cash_withdrawal
i have a cash withdrawal in my statement. why is that?,11,cash_withdrawal_not_recognised
i might need a new card because it's not working at any of the atms. i don't think ive used all my money. why is it doing this?,13,declined_cash_withdrawal
my credit card has been declined.,12,declined_card_payment
my new card isn't here and it was issued a week ago.,5,card_arrival
"can you tell me how long it would take, to make a transfer from france? i made one 2 days ago and its not there yet.",1,balance_not_updated_after_bank_transfer
"looks like my card payment was made twice by mistake. i went to pay at the store earlier which rejected once, second time it worked. app is on pending for one of the payments. can you please remove one of them as it's wrong and clearly was declined?",25,transaction_charged_twice
it looks like my top-up was cancelled,24,top_up_reverted
"i deposited some cash but it hasn't shown up in my account yet, what's going on?",2,balance_not_updated_after_cheque_or_cash_deposit
i received a message from a seller stating they hadn't received my money even though it definitely came out of my account. the money has now been deposited back into my account. please get this resolved as soon as possible.,22,reverted_card_payment?
my card payments have stopped.,22,reverted_card_payment?
just received a message that my transfer is not possible?? what is going on. i have done this before with no issues.,3,beneficiary_not_allowed
why did my top-up get reverted?,24,top_up_reverted
"i just transferred some money into my account and do not see it updated yet, can you assist?",1,balance_not_updated_after_bank_transfer
could you please explain why i received a message that my transfer is not possible? i've never had any problems making a transfer in the past.,3,beneficiary_not_allowed
my payment did not go through because the app reverted it,22,reverted_card_payment?
the exchange rate applied is wrong for my international purchase.,9,card_payment_wrong_exchange_rate
my credit card was declined for top-up. can you see if there is enough funds in my account?,23,top_up_failed
"i accidentally made a payment from the wrong account yesterday. it's my rent payment, and it's very large, so the account i paid from won't be able to cover the amount. it's really important that the payment be made from the right account?",4,cancel_transfer
i have a transfer that is pending.,19,pending_transfer
please assist me with activation.,0,activate_my_card
why can't i take cash out of the atm?,13,declined_cash_withdrawal
can i get money in my home currency at my atm ?i am on holiday and bit concerned because i do not have any cash with me .is it possible to withdraw without any additional cost.,29,wrong_exchange_rate_for_cash_withdrawal
why am i being charged for withdrawing cash funds?,10,cash_withdrawal_charge
what do i have to do to cancel a transfer?,4,cancel_transfer
"when using my card i was charged a fee for doing so, why?",7,card_payment_fee_charged
what do i do if i find a debit charge that i know i didn't do in my billing statement?,14,direct_debit_payment_not_recognised
my card payment failed.,12,declined_card_payment
the atm didn't give me the full requested amount,28,wrong_amount_of_cash_received
"last saturday, i made a payment and the exchange rate was wrong. i was charged too much.",9,card_payment_wrong_exchange_rate
i couldn't pay with card in a shop,12,declined_card_payment
why is my refund missing in my statement?,20,Refund_not_showing_up
where is my card?,5,card_arrival
the exchange rate is incorrect for my cash withdrawal transaction.,29,wrong_exchange_rate_for_cash_withdrawal
i would like to cancel a transfer...is this possible?,4,cancel_transfer
i was trying to top-up and my credit card was declined. can you tell me why?,23,top_up_failed
my transfer hasn't arrived,27,transfer_not_received_by_recipient
would you be so kind as to activate my card? thanks,0,activate_my_card
it looks like my card payment was sent back.,22,reverted_card_payment?
"the balance has not changed, but i have deposited some money",2,balance_not_updated_after_cheque_or_cash_deposit
what is my monthly spending limit because i was refused my money at an atm,13,declined_cash_withdrawal
for what reason did my top-up fail?,23,top_up_failed
why do some of my payments have fees? i don't understand.,7,card_payment_fee_charged
please help me with my card payments which keeps getting reverted whenever i do online shopping. i am having this problem since last two weeks.,22,reverted_card_payment?
"i topped-up my account, but i don't think it went through.",18,pending_top_up
what should i do about a direct debit that i did not set up?,14,direct_debit_payment_not_recognised
"needed gas, been delayed for half an hour.please fix it!",18,pending_top_up
my money is nowhere to be found? i talked up earlier and seen it. now it has vanished. what is going on?,24,top_up_reverted
the payment i made with my card is not showing up.,22,reverted_card_payment?
why can't i see a transfer to my account?,1,balance_not_updated_after_bank_transfer
waiting for the cash i deposited this morning still,2,balance_not_updated_after_cheque_or_cash_deposit
there were two of the same charge to my account,25,transaction_charged_twice
i purchased something about one to two weeks ago but for some reason the payment was returned to my account today even though i've already received one of the items. can you tell me what's going on?,22,reverted_card_payment?
what's the time frame on eu transfers? i purchased something a couple of days ago but the seller hasn't received my payment.,19,pending_transfer
i would like to retract my purchase.,21,request_refund
i made a transaction to the wrong account!,4,cancel_transfer
i was expecting my new card by now.,5,card_arrival
"i topped up and went to buy something, but it says that my funds are pending. is there a way to quicken this process?",18,pending_top_up
why does my transfer say it is pending?,19,pending_transfer
please cancel my last transaction.,4,cancel_transfer
why did my transfer to a beneficiary fail?,3,beneficiary_not_allowed
could you send me and up date on the arrival of my card?,5,card_arrival
i do not recognise this card payment.,8,card_payment_not_recognised
how long will it take to receive my money from my transfer transaction?,27,transfer_not_received_by_recipient
i have a pending money transfer,19,pending_transfer
i topped up and now my money is not there anymore! what happened to it?,24,top_up_reverted
"hello, i just checked my statement and there seems to be a payment from my card that i have never seen before.",8,card_payment_not_recognised
what do i do if i have been charged twice?,25,transaction_charged_twice
i do not understand what this particular direct debit is ?,14,direct_debit_payment_not_recognised
"hey, i ordered a thing but changed my mind and want a refund on it. since i haven't received the thing, would you just go ahead and cancel the payment for me?",21,request_refund
i have not received an item i ordered yet so i want to cancel it and get a refund. can you please guide me on how to go about it?,21,request_refund
"i tried using a check to update my balance, but it isn't work? is something wrong?",2,balance_not_updated_after_cheque_or_cash_deposit
what do i do if a transaction shows up twice?,25,transaction_charged_twice
when i got cash the exchange rate was wrong,29,wrong_exchange_rate_for_cash_withdrawal
when will my new card arrive?,5,card_arrival
"help! i think someone has a copy of my card - i still have my card, but a five hundred pound cash withdrawal that i didn't authorize is shown on my account.",11,cash_withdrawal_not_recognised
what is the fee charged for using my card?,7,card_payment_fee_charged
there is a payment in the app that i did not approve,8,card_payment_not_recognised
"can you let me know where my refund money is? i requested a refund a few days back, but it's not showing up yet. do you guys have the money yet? maybe it's just not in my account. let me know when it will become available, please.",20,Refund_not_showing_up
i can not find my refund.,20,Refund_not_showing_up
why do you keep declining my payment?i tried several times with this card and it is just not working.,12,declined_card_payment
two days ago i did a transfer to another account within the country. it doesn't appear the transfer went through. i have verified the account number several times. could you please check on this for me?,27,transfer_not_received_by_recipient
how did you arrive at the rate of exchange? i thought that i would get more cash.,29,wrong_exchange_rate_for_cash_withdrawal
"i tried to get money out of the notting hill atm earlier, but i wasn't able to get anything out. is there a problem with my card? it's the first time i tried using it.",13,declined_cash_withdrawal
atm withdrawal not working.,13,declined_cash_withdrawal
how can i link the new card?,6,card_linking
the exchange rate is incorrect for my payment.,9,card_payment_wrong_exchange_rate
"how long do you expect me to wait for the transfer? it finally worked out, but has been pending for a long time and it's quite urgent.",19,pending_transfer
my top up is incomplete.,18,pending_top_up
i attempted to get cash in the atm but i was denied,13,declined_cash_withdrawal
i believe my card has been compromised because of a strange withdrawal,11,cash_withdrawal_not_recognised
i have an unauthorized charge.,14,direct_debit_payment_not_recognised
"hello there, i tried using crypto top up today but it's not working for me, might it be due to the kind of bank i'm using or the country that i'm from?money is also missing from my account",24,top_up_reverted
is it normal to see a fee for transferring money?,26,transfer_fee_charged
i sent a payment but it isn't showing up in the app,27,transfer_not_received_by_recipient
there is a charge i don't recognize.,8,card_payment_not_recognised
why is it saying i have a pending payment?,16,pending_card_payment
i have a reverted top up i made and wanted to know why it didn't go through.,24,top_up_reverted
"my top up did not show up as shown and my money has disappeared, can you help me fix this glitch problem?",24,top_up_reverted
are bank transfers immediate?,1,balance_not_updated_after_bank_transfer
what's the time frame normally for a uk account transfer? i just made one and it's not showing up anywhere. i want to be sure that everything is good.,1,balance_not_updated_after_bank_transfer
my exchange rate was wrong for an item i bought!,9,card_payment_wrong_exchange_rate
my account isn't showing the refund,20,Refund_not_showing_up
"my bank app said that i got cash from an atm, but that's a mistake.",11,cash_withdrawal_not_recognised
i didn't get all the money i asked for,28,wrong_amount_of_cash_received
what does it mean when it says i have a payment pending?,16,pending_card_payment
i have a card payment that i don't recognize. what should i do?,8,card_payment_not_recognised
"on the card that is coming, what's the tracking info?",5,card_arrival
can you tell me why i haven't received my new card?,5,card_arrival
why was my withdrawal declined,13,declined_cash_withdrawal
why can't i take $100 out,28,wrong_amount_of_cash_received
can i activate my card with the app?,0,activate_my_card
i deposited cash but it isn't showing up in my account,2,balance_not_updated_after_cheque_or_cash_deposit
why do you keep declining my payment?i tried several times already with this card and it is just not working.,12,declined_card_payment
i tried activation my card and it didn't employment,0,activate_my_card
when will i get my money? it's been too long.,27,transfer_not_received_by_recipient
how long does a payment show as pending before i should worry about it?,16,pending_card_payment
the atm i'm standing in front of only gave me 10 pounds rather than the 30 pounds i wanted. the app shows i took out 30 pounds also. what do i need to do to fix this?,28,wrong_amount_of_cash_received
i don't understand why i was charged an additional fee for this service. can you clarify?,7,card_payment_fee_charged
i got the incorrect amount of money given to me from my account,28,wrong_amount_of_cash_received
why hasnt my top up gone through yet?? i thought it was suppose to be instant? am i wrong? why is it still pending?,18,pending_top_up
i couldn't transfer money to a beneficiery,3,beneficiary_not_allowed
can you please tell me why my cash withdrawal is still pending?,17,pending_cash_withdrawal
i see money go out that i didn't withdraw.,11,cash_withdrawal_not_recognised
"i did not receive my purchase, how do i cancel it?",21,request_refund
how can correct top up with the app to work correctly?,23,top_up_failed
"i've been waiting for something that i've ordered for months now and it still hasn't arrived. i genuinely don't know what this company is doing, but put plainly, i've had enough. please issue a refund immediately, i would not like to waste anymore of my time on these people.",21,request_refund
money was transferred to me and i am unable to see it,19,pending_transfer
"i know this very late, but i just went through my statements from the last couple months and there's one quite large-ish payment that i definitely haven't made. is it still possible to dispute it?",14,direct_debit_payment_not_recognised
why were there additional charges when i transferred funds?,26,transfer_fee_charged
why was i charged an extra fee from the atm?,10,cash_withdrawal_charge
the cast deposit from a week ago still is not in my account. why?,2,balance_not_updated_after_cheque_or_cash_deposit
why did i get charged for a transfer?,26,transfer_fee_charged
i'm cancelling this charge. i still have not received what i bought from these people a while ago.,21,request_refund
"i need a refund and cancel a transaction on an item i purchased and i need it as soon as possible, please!",21,request_refund
i made a cash withdrawal and it is still listed as a pending transaction.,17,pending_cash_withdrawal
i looked on the app and it says i withdrew cash. i didn't!,11,cash_withdrawal_not_recognised
do you know when the withdrawal will show?,17,pending_cash_withdrawal
i want to cancel a transaction from this morning.,4,cancel_transfer
why isn't my cash deposit showing up in my account?,2,balance_not_updated_after_cheque_or_cash_deposit
i made a purchase with my card and i was charged a fee for using it,7,card_payment_fee_charged
"how do i see what fees i am supposed to be charged on my account? i've noticed fees on some transactions, but not on others. this is very confusing and i cannot find a pattern to what i am being charged?",7,card_payment_fee_charged
i'm upset because i got charged a ridiculous fee when making an atm withdrawal over a holiday weekend. it didn't notify me beforehand either or i wouldn't have ever done it.,29,wrong_exchange_rate_for_cash_withdrawal
there's a direct debit payment that i don't recognize.,14,direct_debit_payment_not_recognised
could you please tell me why my card payment didn't work?,12,declined_card_payment
i transferred some cash and it didn't arrive,27,transfer_not_received_by_recipient
have you sent out my card yet?,5,card_arrival
"i have enough money in my account, so why is my card being declined?",12,declined_card_payment
what am i being charged an extra pound when i haven't bought something worth that much?,15,extra_charge_on_statement
"a card has been sent to me, how do i track it?",5,card_arrival
"hello, i noticed there is a payment from my card to a business that i am not familiar with. i definitely did not make this payment.",8,card_payment_not_recognised
i would like my money back for an item i purchased,21,request_refund
for some reason my card payment didn't work,12,declined_card_payment
i need to be made aware when i am being charged an extra amount for payments please. i looked over the app earlier and noticed an additional feel related to one of the payments. i was not warned about this before.,7,card_payment_fee_charged
please help my find out why there is an odd direct debit in my records.,14,direct_debit_payment_not_recognised
i was charged a fee when buying stuff with my card.,7,card_payment_fee_charged
"i am not supposed to be charged a cash withdrawal fee, but i was.",10,cash_withdrawal_charge
"hi, there is a suspicious payment from my card. i definitely do not know who this is or who could have made this payment.",8,card_payment_not_recognised
i think something went wrong with my exchange between russian ruble and uk pounds. i was overcharged during the swap.,9,card_payment_wrong_exchange_rate
what are the reasons for my beneficiary not being allowed?,3,beneficiary_not_allowed
why isn't my refund showing in my statement?,20,Refund_not_showing_up
i can't see my cash deposit in my account.,2,balance_not_updated_after_cheque_or_cash_deposit
"there must have been a mistake, why was i charged an extra pound?",15,extra_charge_on_statement
i've got a repeated tranasaction on my card.,25,transaction_charged_twice
"i went to the store and tried to make a purchase. the first time, it was declined, but the second one went through. but my app shows me that i've already been charged once and the second charge is still pending. can you make sure that i'm not charged twice?",25,transaction_charged_twice
i am seeing in the app a diret debit that its not mine,14,direct_debit_payment_not_recognised
the seller of the items i bought online the other day hasn't received the eu transfer yet. how long do these usually take?,19,pending_transfer
why are you charging me a transfer fee?,26,transfer_fee_charged
who do i contact if there is a direct debit that i did not create.,14,direct_debit_payment_not_recognised
there are a couple of payments with my card shown in the app that in reality i didn't make. maybe someone has access to my card?can you check whats the issue ?,8,card_payment_not_recognised
what do i do if there is a direct debit on my account that shouldn't be there?,14,direct_debit_payment_not_recognised
i urgently need to top-up my card but its getting declined. please help me in this or advise with other options if any.,23,top_up_failed
i have a duplicate payment on my account,25,transaction_charged_twice
"i have a strange transaction for £1 on my statement, what is that?",15,extra_charge_on_statement
i requested money from the atm and it didn't give me as much as i requested.,28,wrong_amount_of_cash_received
why isn't my top-up going through?,18,pending_top_up
when will i see an updated balance after a transfer?,1,balance_not_updated_after_bank_transfer
why did i only receive a partial amount of what i tried to withdraw?,28,wrong_amount_of_cash_received
why did i only get $20 when i asked for $100?,28,wrong_amount_of_cash_received
i am very upset that i went to use my new card today and it kept getting declined. why is this happening and what do i do to not have it declined?,12,declined_card_payment
i received the wrong amount of cash.,28,wrong_amount_of_cash_received
why am i being charged a fee on a card payment?,7,card_payment_fee_charged
is my card ready for use or does it need activated and if so how?,0,activate_my_card
i dont recognize a charge on my card,8,card_payment_not_recognised
can the exchange rate change while i am in the process of making a withdrawal?,29,wrong_exchange_rate_for_cash_withdrawal
"i seem to have a problem here, i bought something about a 2 weeks ago and just now received the payment back into my account and i've already received the item. can you tell me what is going on here?",22,reverted_card_payment?
"in the app, how can i make it show the new card that arrived?",6,card_linking
can i link my card i previously received?,6,card_linking
why am i being charged the wrong currency exchange when i purchased something abroad?,9,card_payment_wrong_exchange_rate
i sent money to someone but they haven't gotten it yet,27,transfer_not_received_by_recipient
why is there a €1 charge on my statement?,15,extra_charge_on_statement
i don't appreciate the extra fees being siphoned from my account. i was helping some friends move to japan and we were buying home decorations at the local stores. the receipts differed greatly from what showed up in my bank account and my statement. when can i expect the extra fees to be back in my account?,26,transfer_fee_charged
why would i be charged an extra fee while doing a transfer?,26,transfer_fee_charged
i am seeing and extra 1$ charged to my account and wanted to know about it.,15,extra_charge_on_statement
i was unable to transfer money to a beneficiary.,3,beneficiary_not_allowed
why have my top ups been canceled?,24,top_up_reverted
how do i active this card?,0,activate_my_card
"i really wanted to buy something online but seems the card is not working as the payment suddenly came back! what's going on here, i've been trying for a good week or two.",22,reverted_card_payment?
the atm didnt let me get cash,13,declined_cash_withdrawal
i tried to get cash but it was declined!,13,declined_cash_withdrawal
i think that the exchange rate was wrong for the payment made last saturday - i was charged extra.,9,card_payment_wrong_exchange_rate
why did i get charged twice for the same thing,25,transaction_charged_twice
there are a couple payments with my card displayed in the app which i didn't make. what is happening? maybe someone has access to my card.,8,card_payment_not_recognised
how long until transfers complete?,19,pending_transfer
why was my account assessed a fee for an atm transaction?,10,cash_withdrawal_charge
why was i not allowed to do a transfer to a beneficiary?,3,beneficiary_not_allowed
when do i get charged a fee for using the card?,7,card_payment_fee_charged
"i have made a withdraw from an atm this last holiday, why is there such a high charge from this transaction?",29,wrong_exchange_rate_for_cash_withdrawal
can you explain why my payment is still pending?,19,pending_transfer
"just received my replacement card, what steps do i need to take to activate it?",0,activate_my_card
can someone assist me with activating my new card?,0,activate_my_card
i got less cash at the atm than i asked for. why?,28,wrong_amount_of_cash_received
what do i need to have with me to activate card,0,activate_my_card
i made a purchase a few weeks ago but wasn't happy with it so recently requested a refund from the supplier. can you check where the money is?,20,Refund_not_showing_up
my card doesn't work. i can't get cash out at an atm,13,declined_cash_withdrawal
what reasons would a topup fail?,23,top_up_failed
why is my cash withdrawal still pending?,17,pending_cash_withdrawal
why did my top up get pulled back out?,24,top_up_reverted
i could not transfer to a beneficiary,3,beneficiary_not_allowed
"hi! i'm a university student studying abroad and i noticed that when i was trying to cross-reference my budget for this month that there were extra fees i was not expecting. why is that? i've had this account for years and i haven't had any trouble so far, it might not even be on your all's end since i'm still new to international travel and finance, but i wanted to double check in case a mistake was made!",26,transfer_fee_charged
where is the transfer to my account that i made?,1,balance_not_updated_after_bank_transfer
what do i do if my top-up has not gone through?,18,pending_top_up
do you have a return policy?,21,request_refund
"i have done a transfer within the country a couple days ago, but it's still not there yet. can you please check what's going on with that, the account number definitely is the right one, i've checked that several times already.",27,transfer_not_received_by_recipient
"why is my transfer appearing as ""pending""?",19,pending_transfer
why is a transfer i did recently still processing?,19,pending_transfer
i was only given $20 after trying to withdraw $100,28,wrong_amount_of_cash_received
"hi, i was at a restaurant later the week and when i went to look at my account i noticed that i got charged twice. i would like to get my money back from one of those transactions.",25,transaction_charged_twice
why do i get declined when i try to withdraw cash?,13,declined_cash_withdrawal
will i be able to track the card that was sent to me?,5,card_arrival
can you please check my uk account to make sure everything went alright? i made the transfer a couple of hours ago.,1,balance_not_updated_after_bank_transfer
how long do i have to wait for my bank transfer to appear in my account?,1,balance_not_updated_after_bank_transfer
why is the payment on my card still pending?,16,pending_card_payment
my transfer into my account isn't showing up.,1,balance_not_updated_after_bank_transfer
my top-up is not working. why is that?,23,top_up_failed
"i just transferred my friend money, but she hasn't received it yet, and it's been a few hours. can you tell me when to expect it to go through?",27,transfer_not_received_by_recipient
i need my account checked because it appears there is a problem. i attempted to update my balance yesterday using cheque but it doesn't seem to have worked. should this not be faster than this?,2,balance_not_updated_after_cheque_or_cash_deposit
why has my card been declined? whats the deal?,12,declined_card_payment
is there a charge on withdrawals?,10,cash_withdrawal_charge
why haven't i received my new card yet?,5,card_arrival
how long do i need to wait til my top up isn't pending?,18,pending_top_up
how long should i wait ti activate my card,0,activate_my_card
why have i not got my new card?,5,card_arrival
"i made a mistake and did a transaction to a wrong account, can i cancel?",4,cancel_transfer
there's a payment in the app i don't recognize.,8,card_payment_not_recognised
i was charged twice for an in-store purchase that i thought was declined. my app says that it's still pending for one of the payments. please make sure one of the charges is removed.,25,transaction_charged_twice
"on my app i can see that a direct debit payment that i didn't do, appears.",14,direct_debit_payment_not_recognised
why didn't my transfer to a beneficiary happen?,3,beneficiary_not_allowed
people are using my debit card - help!,14,direct_debit_payment_not_recognised
i have been charged two times for one transaction.,25,transaction_charged_twice
how can i make my card active?,0,activate_my_card
there has been a charge pending on my account statement that i can't figue out it's for a dollar.,15,extra_charge_on_statement
"i just recently got a new beach condo in bora bora, and to furnish it i used this account a lot from overseas. it's upsetting, being a long-time customer of yours, that i saw extra fees on my account from my currency transfer. is this what i should expect from you in the future?",26,transfer_fee_charged
tell me why there is a fee for a card payment.,7,card_payment_fee_charged
duplicate transactions appear on my account,25,transaction_charged_twice
i need some help linking my new card.,6,card_linking
what do i do when a charge has been made that i did not make?,11,cash_withdrawal_not_recognised
my card was refused,12,declined_card_payment
my transfer is still pending,19,pending_transfer
is there a tracking number for the card you sent me?,5,card_arrival
cancelling a transaction,4,cancel_transfer
i think i was charged double for something i bought - how long should i wait before reporting this?,25,transaction_charged_twice
recipient has not received the money,27,transfer_not_received_by_recipient
i paid with card and was charged a fee that shouldn't be there!,7,card_payment_fee_charged
there are automatic debits on my account that i did not make.,14,direct_debit_payment_not_recognised
i see an unfamiliar direct debit payment.,14,direct_debit_payment_not_recognised
i want to know about your refund policy.,21,request_refund
i noticed a different charge while i was taking my money out.,10,cash_withdrawal_charge
i just got my new card and tried using it and it was declined?,12,declined_card_payment
there is a missing transfer on my account,1,balance_not_updated_after_bank_transfer
"hi, i made a transfer yesterday that i need to reverse. i need to put the money in a different account.",4,cancel_transfer
"i bought something in another currency, but the exchange rate was incorrect.",9,card_payment_wrong_exchange_rate
where is the cash i deposited?,2,balance_not_updated_after_cheque_or_cash_deposit
what does it mean if my cash withdrawal is pending?,17,pending_cash_withdrawal
i need this item refunded,21,request_refund
"my card has been pending for a while, what should i do?",16,pending_card_payment
i see an extra 1£ charge on my app. why did it charge me extra?,15,extra_charge_on_statement
i tried to used my card in a shop and the transaction was declined.,12,declined_card_payment
when going to the atm to take out some cash today my withdrawal was declined. i need to fix this problem as soon as possible. whats going on?,13,declined_cash_withdrawal
why didn't the atm give me all my money,28,wrong_amount_of_cash_received
"i think my top up may have been reverted, what do i do?",24,top_up_reverted
i ordered a card and would like to know how to track the delivery progress of it.,5,card_arrival
"hello, i have a question concerning an unfamiliar fee that i notice on my account. i see that you guys charge for atm withdrawal. never notice this fee until now. can you please explain?",10,cash_withdrawal_charge
"in reviewing my statement, i show i have two charges for the same purchase at the same time, which i have not made in duplicate? how do i get this solved?",25,transaction_charged_twice
why didn't my transfer to a beneficiary go through?,3,beneficiary_not_allowed
can you tell me about why the account i have was charged an extra 1$,15,extra_charge_on_statement
how long does it take for a cash withdrawal to show?,17,pending_cash_withdrawal
why am i being charged to withdrawal money?,10,cash_withdrawal_charge
my card payment has not been withdrawn from my account,22,reverted_card_payment?
i sent money and the recipient has not received their money after two weeks.,27,transfer_not_received_by_recipient
"when i used one of the atms in the city centre today, i tried to take out some money, but for whatever reason, the machine declined my card. just checked it out in my account and that amount is still showing as pending! is there any way that you can cancel this transaction, because i did not receive any money whatsoever from the atm",17,pending_cash_withdrawal
"help, i don't see my money i just added.",18,pending_top_up
i have multiple of the same transaction,25,transaction_charged_twice
why would a merchant revert a card payment?,22,reverted_card_payment?
i still haven't gotten my new card. when will it get here?,5,card_arrival
how long does my top up pending last?,18,pending_top_up
the app declined my top up. what did i do wrong?,24,top_up_reverted
the app reversed a top off i had. what should i do?,24,top_up_reverted
i think when i withdrew money when out of country the exchange rate was wrong.,29,wrong_exchange_rate_for_cash_withdrawal
i only got some of the cash i requested from the atm,28,wrong_amount_of_cash_received
"what does it mean when a transfer is ""pending""?",19,pending_transfer
what do i do if i already had a card with you guys?,6,card_linking
what is the status of my refund,20,Refund_not_showing_up
could you tell me why my cash withdrawal was declined?,13,declined_cash_withdrawal
what's going on with my balance? shouldn't it be a bit higher since i deposited a cheque a day ago?,2,balance_not_updated_after_cheque_or_cash_deposit
i do not recognise the card payment.,8,card_payment_not_recognised
my currency rate is inaccurate.,9,card_payment_wrong_exchange_rate
"hey, i attempted to top up my card today and for some reason it didn't work. when i did it the other way it worked just fine. could you help me figure out why this is happening please?",23,top_up_failed
you promised no fees but now i've got one. what the hell!?,7,card_payment_fee_charged
"i'm waiting on a top-up, its still pending",18,pending_top_up
what are the reasons why a card payment would be declined?,12,declined_card_payment
my transfer isn't there,1,balance_not_updated_after_bank_transfer
i see i was charged $1 for a transaction.,15,extra_charge_on_statement
why did i not get my refund yet?,20,Refund_not_showing_up
i'm not recognizing the card payment.,8,card_payment_not_recognised
i did a payment but it was reverted by the app,22,reverted_card_payment?
someone may have made an error in figuring out the rate of exchange. i should have received more cash than i did on my most recent withdrawal.,29,wrong_exchange_rate_for_cash_withdrawal
how can i track my card's delivery?,5,card_arrival
what is this extra fee?,7,card_payment_fee_charged
someone else made a direct debit transaction on my account,14,direct_debit_payment_not_recognised
why won't you let me name x as a beneficiary?,3,beneficiary_not_allowed
could you please help me figure out why the seller has not received their money after i sent it.,19,pending_transfer
i've already sent the money out and still have not received money in my account.,2,balance_not_updated_after_cheque_or_cash_deposit
i was charged several times for something,25,transaction_charged_twice
i made a payment that's pending. will it go through?,16,pending_card_payment
i am trying to revert a transcation i did this morning,4,cancel_transfer
i cannot withdraw money from the atm,13,declined_cash_withdrawal
can i re-link a lost card with the app?,6,card_linking
i can't find the money i just added to my account.,18,pending_top_up
i don't have my card in 1 week. should i be worried?,5,card_arrival
fix my top up,23,top_up_failed
"i tried to withdraw $100, all it gave me was $20.",28,wrong_amount_of_cash_received
"ive been trying to use my card for two weeks now to purchase somethings online but nothing is going through. it keeps returning my payment to my account. there shouldn't be anything wrong with my account, is it the card?",22,reverted_card_payment?
my card payment was cancelled it seems.,22,reverted_card_payment?
what was the extra charge for using my card?,7,card_payment_fee_charged
"i'm expecting a large refund from a store i returned merchandise to recently. they say they have sent the money but i don't see it in my account, can you help.",20,Refund_not_showing_up
i am under the impression that my top up is still pending,18,pending_top_up
why are you charging fees on cash withdrawals? i went to withdraw some money earlier today after buying groceries. there's a fee that wasn't there before.,10,cash_withdrawal_charge
my transfer to another account was not allowed. why is that?,3,beneficiary_not_allowed
i have a charge i did not make.,8,card_payment_not_recognised
the exchange rate for my payment last saturday must be wrong because i was charged extra.,9,card_payment_wrong_exchange_rate
my top-up hasn't gone through,18,pending_top_up
why can't the recepient of my money transaction see it?,27,transfer_not_received_by_recipient
i want to revert a transaction i did,4,cancel_transfer
"hi i've been trying to top up my card for the past day but it gets declined, i need it topped up urgently! can somebody get back to me to resolve this or explain any different ways i can top up my card?",23,top_up_failed
i was just going over my transactions for the past couple of months and noticed a large type charge that i know i did not make. even though it's been a while can i please still dispute this?,14,direct_debit_payment_not_recognised
"do you not accept crypto transfers from certain places? because when i tried to do a top up the money just disappeared. im not sure what to do or what i'm doing wrong, please help.",24,top_up_reverted
give me a refund,21,request_refund
"my top up keeps showing pending? how long will things be like this? days, weeks, months? i need the money quite urgently for an important coffee purchase, can you please let me know when top up will work?",18,pending_top_up
how did the extra charge on my card come in effect?,7,card_payment_fee_charged
i deposited money but my balance hasn't been updated yet.,2,balance_not_updated_after_cheque_or_cash_deposit
is there always a charge when withdrawing money?,10,cash_withdrawal_charge
"i got cash from an atm earlier but it shows up as pending in the app. how can this still be pending, i already received the cash?",17,pending_cash_withdrawal
"i deposited a check, but haven't received the funds for it.",2,balance_not_updated_after_cheque_or_cash_deposit
my card didn't work at the atm in notting hill. is my card working?,13,declined_cash_withdrawal
what is the cause of the delay in applying my card payment to my account?,16,pending_card_payment
there are a couple payments with my card shown that i'm not responsible for. what is going on? maybe someone has access to my account.,8,card_payment_not_recognised
i might have been charged on my debit statement by fraud.,14,direct_debit_payment_not_recognised
why did my top-up not work?,23,top_up_failed
"hi, i was looking over my card receipts for the past week and i realize i had a charge put through two times for the same single restaurant visit. can one of the charges be removed so that i can get the money back that was mistakenly taken from my account?",25,transaction_charged_twice
there is a cash withdrawal on my statement that i did not make,11,cash_withdrawal_not_recognised
my account transfer was blocked.,3,beneficiary_not_allowed
"i made a mistake of transferring, can i cancel my previous transfer?",4,cancel_transfer
how can i cancel a transfer i made,4,cancel_transfer
why wouldn't the atm give me my money?,13,declined_cash_withdrawal
there are two of the same charges on my account.,25,transaction_charged_twice
i am wondering about a transfer from a different country that doesn't show up yet?,1,balance_not_updated_after_bank_transfer
what is this extra charge with my purchase?,7,card_payment_fee_charged
there was a direct debit from my account and i didn't authorise it,14,direct_debit_payment_not_recognised
"hello, i just checked my card transactions and saw that i was charged twice for a restaurant visit i did earlier this week. is it possible to remove one of them and get my false paid money pack?",25,transaction_charged_twice
i sent payment with eu transfer and they still haven't received it. how long does it take?,19,pending_transfer
there is unexpected money in my account.,11,cash_withdrawal_not_recognised
i would like to get help from someone in your customer service department with assisting me with activating my card.,0,activate_my_card
"hi,accordingly you offer crypto top up but it doesn't seem to be working? money just disappeared from my account.what should be done now?",24,top_up_reverted
"how long does it typically take a transfer to go through? i sent some money to a friend earlier today, and she really needs it. it still is a pending transfer, even though i sent it a few hours ago.",27,transfer_not_received_by_recipient
how come my card payment is still pending?,16,pending_card_payment
"a few weeks ago, a strange transaction was made on my account by a seller i don't know. i am quite sure i didn't do it and will like for you to check it for me.",14,direct_debit_payment_not_recognised
"as advised by you, i requested seller to refund my money. a week has passed but i haven't got any update from seller. please track the refund with the seller.",20,Refund_not_showing_up
i see cash in my app but i did not get it.,11,cash_withdrawal_not_recognised
"i was using foreign currency at an atm, but the rate was typed in wrong.",29,wrong_exchange_rate_for_cash_withdrawal
how long should it take for my top-up to finish? i've been waiting a while.,18,pending_top_up
what if i want to add a card i already have to the app?,6,card_linking
my wallet got stolen a couple hours ago and now i've seen there already is a withdrawal. help this is absolutely urgent i don't want to loose more money,11,cash_withdrawal_not_recognised
there are some charges that i don't recognize. it happened days ago. can i get these charges back? should i cancel my card?,8,card_payment_not_recognised
whats wrong with my currency exchange?,29,wrong_exchange_rate_for_cash_withdrawal
my refund has not shown up on my statement.,20,Refund_not_showing_up
i was under the impression atm cash withdrawals were free. why was i suddenly charged for my most recent atm transaction?,10,cash_withdrawal_charge
how do i activate my card,0,activate_my_card
i am still waiting for the cash to be returned from a cheque i deposited!,2,balance_not_updated_after_cheque_or_cash_deposit
how much money can i withdraw before fees? i noticed a fee on my card but i didn't think i had hit the limit of how much i could withdraw in a month.,10,cash_withdrawal_charge
i made a transfer into my account and now i need to cancel it,4,cancel_transfer
"i got a new card, how do i link it?",6,card_linking
why is my cash still pending that i put in atm?,17,pending_cash_withdrawal
why was i charged an extra pound?,15,extra_charge_on_statement
why hasn't a transaction to a friend cleared yet?,27,transfer_not_received_by_recipient
how can i get money in my home currency while i'm traveling internationally? i wanted to take it out of a local atm but am worried that i will get charged extra fees.,29,wrong_exchange_rate_for_cash_withdrawal
i do not recognize a direct debit payment that i see on my app,14,direct_debit_payment_not_recognised
a couple weeks ago there was a debit taken from my account from a transaction i don't recall. is it possible to trace this transaction to make sure i'm not being scammed?,14,direct_debit_payment_not_recognised
hi something is going on with the app. i see some payments i didn't make?,8,card_payment_not_recognised
how do i begin the process of a refund?,21,request_refund
the cheque i deposited isn't showing in my account,2,balance_not_updated_after_cheque_or_cash_deposit
i have been waiting for my card payment to be moved from pending status for an unusually long time. what is going on here and do you have an idea of when i can expect it to go through?,16,pending_card_payment
my payment has been declined several times. can you help me?,12,declined_card_payment
i believe my top up is still pending,18,pending_top_up
my atm transaction was wrong,28,wrong_amount_of_cash_received
why has my card payment not yet been applied to my account?,16,pending_card_payment
why can't i use this beneficiary?,3,beneficiary_not_allowed
my card needs to be activated asap,0,activate_my_card
how is my card payment still pending?,16,pending_card_payment
i received a returned payment that i made.,22,reverted_card_payment?
what does a 'pending payment' mean?,16,pending_card_payment
can you tell me how i go about activating a new card?,0,activate_my_card
my money transaction hasn't arrived.,27,transfer_not_received_by_recipient
do you know the process how to activate my card?,0,activate_my_card
i'm not sure if my pop-up went through.,23,top_up_failed
why is the top-up i made still pending.,18,pending_top_up
i've deposited a check in my account but the cash isn't showing as available.,2,balance_not_updated_after_cheque_or_cash_deposit
will i be charged for transfers?,26,transfer_fee_charged
i hope you can help me. my account has been compromised from a different town that i haven't been to. can you please place a hold on my account until i can make it to the bank?,11,cash_withdrawal_not_recognised
please help! there was an extra fee when i got cash.,10,cash_withdrawal_charge
there is a payment done with my card which i definitely did not do.never seen that name before.,8,card_payment_not_recognised
i believe you charged me too much to exchange my money,9,card_payment_wrong_exchange_rate
"i need to activate my card, how is that done?",0,activate_my_card
i have a new card and i can't add money to it. i tried about 30 minutes ago and it is still pending. what do i do?,18,pending_top_up
my card won't let me withdraw money.,13,declined_cash_withdrawal
why did i not get the amount of money i requested?,28,wrong_amount_of_cash_received
i am still waiting for a money transfer to process.,19,pending_transfer
i made a payment and it was reverted and wanted to know why?,22,reverted_card_payment?
what do i need to do to get my new card which i have requested 2 weeks ago?,5,card_arrival
the amount of cash i received was not the full amount,28,wrong_amount_of_cash_received
how long does it take for the transfer to go through?,27,transfer_not_received_by_recipient
why couldn't i transfer to a beneficiairy?,3,beneficiary_not_allowed
what happens when i am charged twice?,25,transaction_charged_twice
trouble with my top up,23,top_up_failed
the store card reader would not accept my card.,12,declined_card_payment
why is the transfer still pending? can i do something?,19,pending_transfer
i tried to pull cash from an atm but it wouldn't let me.,13,declined_cash_withdrawal
the atm didn'y give me all the cash,28,wrong_amount_of_cash_received
tell me why there is an extra charge when i used an atm?,10,cash_withdrawal_charge
the atm did not give me as much cash as i requested.,28,wrong_amount_of_cash_received
why has my new card still not come?,5,card_arrival
what do i do if i've been charged twice for the same transaction?,25,transaction_charged_twice
i bought something with my card and i was charged a fee,7,card_payment_fee_charged
why was a fee charged to me for transferring money?,26,transfer_fee_charged
there is a cash withdrawal in my account that isn't mine.,11,cash_withdrawal_not_recognised
do you give refunds?,21,request_refund
when i was abroad the exchange rate for me was wrong.,29,wrong_exchange_rate_for_cash_withdrawal
my transaction is showing several times.,25,transaction_charged_twice
i checked on google and the exchange rate you are using is really bad. can you update it?,9,card_payment_wrong_exchange_rate
how long will my cash withdrawal take,17,pending_cash_withdrawal
"hi, my card is getting declined continuously when i am trying to top-up. request you to look into this issue or tell me any other alternatives.",23,top_up_failed
i'm not certain my top-up went through yet.,18,pending_top_up
i am confused about your fee structure and was disappointed to see a fee for my transfer.,26,transfer_fee_charged
there are a couple of payments with my card shown in the app that i really didn't make myself. why is it happened?,8,card_payment_not_recognised
why do i still have a pending cash withdrawal?,17,pending_cash_withdrawal
what do i do if i see a cash withdrawal on my account that i don't remember making?,11,cash_withdrawal_not_recognised
i think the exchange rate for the cash i withdrew wasn't correct.,29,wrong_exchange_rate_for_cash_withdrawal
"that fee should not be there, you charged my cash for an unnecessary thing.",10,cash_withdrawal_charge
why would my card payment not work?,12,declined_card_payment
can you please tell me why my card payments are not going through when i try to buy something online? when i put in my card payment it takes it but it comes back a while later.,22,reverted_card_payment?
what happened to the money that i deposited?,24,top_up_reverted
i messed up a transfer and need to reverse it.,4,cancel_transfer
"i need a refund from you because the merchant is refusing, can you do that?",20,Refund_not_showing_up
why would a cash withdrawal still be pending?,17,pending_cash_withdrawal
why was there a fee for paying by card?,7,card_payment_fee_charged
i was informed that transfers were free. i noticed i have a fee but why?,26,transfer_fee_charged
how can i get a refund for a purchase?,21,request_refund
can you share card tracking number?,5,card_arrival
i got some cash out of the atm over the holiday and it seems that i've been grossly overcharged. i wouldn't have done that if i knew of these outrageous charges!,29,wrong_exchange_rate_for_cash_withdrawal
my cash withdrawal has not come out of my account yet.,17,pending_cash_withdrawal
there is an odd payment in my statement,8,card_payment_not_recognised
i have a payment that i didn't make.,8,card_payment_not_recognised
i think my card payment has been refunded,22,reverted_card_payment?
i didn't make this payment!,8,card_payment_not_recognised
i was charged an incorrect exchange rate for a withdrawal.,29,wrong_exchange_rate_for_cash_withdrawal
"around one or two weeks ago i purchased something but there's seems to be an issue. i have already received one of the items, but today the money was placed back into my account. what is happening?",22,reverted_card_payment?
hello - i'm on the app and trying to purchase crypto. it's not going through. what am i doing wrong?,3,beneficiary_not_allowed
what does it mean when it says that i have a payment that is pending?,16,pending_card_payment
why hasn't my top-up gone through?,18,pending_top_up
i sent you a cheque a few days ago and i noticed that nothing has happened yet. can you tell me the status of my cheque please?,2,balance_not_updated_after_cheque_or_cash_deposit
"i seem to have been charged to much for my holiday purchases, the exchange rate is wrong.",9,card_payment_wrong_exchange_rate
there is a strange 1£ charge that appears as pending on my statement. what's the cause for that? i haven't purchased anything for a pound.,15,extra_charge_on_statement
where is my cash deposit in my balance?,2,balance_not_updated_after_cheque_or_cash_deposit
how can i dispute a direct debit charge on my account?,14,direct_debit_payment_not_recognised
my exchange rate is wrong when i get cash.,29,wrong_exchange_rate_for_cash_withdrawal
why is there a random payment in my statement?,8,card_payment_not_recognised
what's taking my top-up so long?,18,pending_top_up
"if i found an error in my account for a transaction i didn't make, how long to i have to dispute it?",14,direct_debit_payment_not_recognised
i did not get all the cash at atm.,28,wrong_amount_of_cash_received
i was just needing to know why my card got declined,12,declined_card_payment
can you tell me why i was charged to withdraw cash?,10,cash_withdrawal_charge
i see non-received cash in my app.,11,cash_withdrawal_not_recognised
my card payment has the wrong exchange rate,9,card_payment_wrong_exchange_rate
when will the transaction go through?,16,pending_card_payment
my transaction from earlier needs to be reversed.,4,cancel_transfer
"i sent some money to somebody a couple of hours ago, and they still have yet to receive it. they really need the money, how much longer are they going to have to wait?",27,transfer_not_received_by_recipient
i need a transfer cancelled.,4,cancel_transfer
i see a direct debit transaction in my app that i didn't make.,14,direct_debit_payment_not_recognised
"i attempted to top up my car today, it failed! i just got it a couple of days before and it worked then. what is going on with it?",23,top_up_failed
my card payment has been cancelled,22,reverted_card_payment?
there is a €1 extra fee in my statement,15,extra_charge_on_statement
says that my top-up is incomplete?,18,pending_top_up
when will my top-up happen?,18,pending_top_up
why is there a $1 charge on my statement?,15,extra_charge_on_statement
what was the $1 fee i got,15,extra_charge_on_statement
balance hasn't been updated following a bank transfer,1,balance_not_updated_after_bank_transfer
"my cash withdrawal was declined, why?",13,declined_cash_withdrawal
"why is there now a charge for making cash withdrawals? i wanted some cash after i went to the grocery store, and there's a new fee!",10,cash_withdrawal_charge
i wanted to know why there is a transfer of mine pending.,19,pending_transfer
is it possible to get a refund?,21,request_refund
"i am getting charged fees on some payments. please help me understand, where are these fees disclosed?",7,card_payment_fee_charged
"hello, i have recently made a purchase and have decided to cancel my purchase. is there any way that you can cancel that transaction for me so i can get the money back? it's very important.",21,request_refund
"i have a question about atm transactions. can i take money out of an atm when i'm traveling abroad? and, can i get the money in my home currancy?",29,wrong_exchange_rate_for_cash_withdrawal
"i ordered something, and now i have buyer's remorse. since what i ordered hasn't come yet, can you just cancel the payment since i already know i want a refund for it?",21,request_refund
i need my refund as soon as possible. what else do i have to do?,20,Refund_not_showing_up
"card has been received, how will it show up on the app?",6,card_linking
i was not able to use the atm to get cash,13,declined_cash_withdrawal
every atm i visit is rejecting my card and i don't know why. there should be money on it. can you check it to see if something is wrong or if i'm doing something wrong?,13,declined_cash_withdrawal
why is there an extra charge on my statement.,15,extra_charge_on_statement
i wanted to know why a top-up i made has been reverted.,24,top_up_reverted
my balance doesn't include my latest transfer,1,balance_not_updated_after_bank_transfer
the exchange rate on my payment doesn't look right,9,card_payment_wrong_exchange_rate
"hi. about two hours ago i made a transfer from my bank which is in the uk, but i don't see it yet! would you check what's going on with it, please?",1,balance_not_updated_after_bank_transfer
there is a direct debit payment i don't recognize.,14,direct_debit_payment_not_recognised
atm refused to give me money,13,declined_cash_withdrawal
what is the proper way to activate a card?,0,activate_my_card
how do i track the card you sent me?,5,card_arrival
how long are my top ups pending,18,pending_top_up
what is the reason my cash withdrawal is still pending?,17,pending_cash_withdrawal
i had a decline on my card. why?,12,declined_card_payment
i don't know what pending transaction means.,16,pending_card_payment
help! in the app there is a direct debit that i don't remember.,14,direct_debit_payment_not_recognised
why does my transaction have an added fee?,15,extra_charge_on_statement
please explain why my top-up hasn't been processed yet?,18,pending_top_up
i did not receive the right amount of cash.,28,wrong_amount_of_cash_received
yesterday i topped up my card. why didn't it complete as it still pending?,18,pending_top_up
"what are the steps to activate the card, as it does not seem to work?",0,activate_my_card
"i was charged extra when i made a cash withdraw, why?",10,cash_withdrawal_charge
"i deposited a cheque, but the balance hasn't changed yet.",2,balance_not_updated_after_cheque_or_cash_deposit
my top up was rejected. why?,24,top_up_reverted
"i dont know what happened, but my payment was cancelled",22,reverted_card_payment?
"hi need your help for getting the refund or cancel the payment of an item, i have ordered but still have not received it.",21,request_refund
how do i avoid a fee to use an atm?,10,cash_withdrawal_charge
"you can do that in just a few seconds. go to account, hit activate, and follow the directions from there.",0,activate_my_card
i should have a refund in my statement but i can't see it,20,Refund_not_showing_up
"i've got a problem - i bought something with my card one or two weeks ago, but now exact same amount of the purchase is showing up in my account. i like more money in my account, but this is too good to be true. can you tell me what's happening?",22,reverted_card_payment?
can you tell me when my money transfer will go through,19,pending_transfer
why is my top-up showing as cancelled?,24,top_up_reverted
"i thought i can make transfers for free, this is not fair. i bought something online from abroad and there was some weird additional fee that i've never seen before?",26,transfer_fee_charged
i transferred money and it didn't get there.,27,transfer_not_received_by_recipient
i wanted to purchase something online but the payment was returned back to me. this has been going on for a couple of weeks. please tell me what is going on here?,22,reverted_card_payment?
explain top-up cancellation,24,top_up_reverted
when i topped up the app has seemed to reverted it.,24,top_up_reverted
i would like to return my purchases,21,request_refund
i have a card payment that has been pending for some time and would like to know when it is going to go through.,16,pending_card_payment
what are the steps i need to take to cancel a transaction?,4,cancel_transfer
payment i did not make.,8,card_payment_not_recognised
i didn't get the right amount of cash because of the exchange rate.,29,wrong_exchange_rate_for_cash_withdrawal
i cant transfer money into my account,3,beneficiary_not_allowed
why can i not do a transfer,3,beneficiary_not_allowed
how do i make my top up complete?,18,pending_top_up
the exchange rate that was applied for an international purchase was wrong.,9,card_payment_wrong_exchange_rate
i wasn't able to do a transfer to an account,3,beneficiary_not_allowed
"hey, i tried to withdraw some cash earlier and it's saying it's pending? will i be charged for this?",17,pending_cash_withdrawal
"my cash withdrawal is pending, why?",17,pending_cash_withdrawal
why wasn't my payment to beneficiary x approved?,3,beneficiary_not_allowed
for some reason my card payment hasn't worked. what can i do to look into that?,12,declined_card_payment
how do i add a card on to the app?,6,card_linking
i tried topping up for the first time today since i am a new customer. it doesn't appear that it's working. it has been pending for at least half an hour. please take care of this.,18,pending_top_up
i am suppose to be getting a refund from something i purchased but it hasn't showed up in my account.,20,Refund_not_showing_up
please help. there is a payment in the app that isn't mine.,8,card_payment_not_recognised
reverted top up,24,top_up_reverted
i got less cash because of the exchange rate.,29,wrong_exchange_rate_for_cash_withdrawal
why isn't my cheque deposit showing on my account? i though it would be faster and would like to to look into it and help.,2,balance_not_updated_after_cheque_or_cash_deposit
when will my new card be delivered?,5,card_arrival
i made a payment and it is showing up twice,25,transaction_charged_twice
"it is still pending, i am still waiting. your system just shows my top-up as pending. what is happening?",18,pending_top_up
i'm due a refund and it is not on my statement.,20,Refund_not_showing_up
i need your help immediately. there is a 500£ cash withdrawal that i know nothing about. i think my account has become compromised.,11,cash_withdrawal_not_recognised
there is money missing from my account.,11,cash_withdrawal_not_recognised
is my new bank card on the way and is there a way to track it?,5,card_arrival
why was i charged a fee for transferring money,26,transfer_fee_charged
i was charged for the same thing twice,25,transaction_charged_twice
why isn't my top up showing? was the money reversed?,24,top_up_reverted
why was i blocked from withdrawing from the atm?,13,declined_cash_withdrawal
why is there a direct debit to my account? i didn't do that.,14,direct_debit_payment_not_recognised
i paid with my card so so why was i charged a transaction fee?,7,card_payment_fee_charged
card payment didn't go through.,12,declined_card_payment
my top-up was declined,23,top_up_failed
please check my payment from last saturday as i feel i have been overcharged on the exchange rate. thank you.,9,card_payment_wrong_exchange_rate
"what's go on, where is my new card?",5,card_arrival
please help me cancel a transaction.,4,cancel_transfer
why isn't my refund showing up?,20,Refund_not_showing_up
why can't i withdraw money?,13,declined_cash_withdrawal
i've been waiting for a refund to show up and i don't see it on my statement yet.,20,Refund_not_showing_up
"new customer and filling gas for the first time today, not working,",18,pending_top_up
"i bought something and received it, but the payment went back to my account. is the seller okay?",22,reverted_card_payment?
why am i being charged more on exchange with things i bought abroad?,9,card_payment_wrong_exchange_rate
"someone has copied my card. i have my card with me, but someone just made a 500£ cash withdrawal. please help now.",11,cash_withdrawal_not_recognised
why was i charged a fee when making this transfer when i shouldn't have been?,26,transfer_fee_charged
why is the cash withdrawal under pending?,17,pending_cash_withdrawal
i just realised i made the wrong payment yesterday. can you please change it to the right account? it's my rent payment and really really needs to be in the right account by tomorrow,4,cancel_transfer
i just lost my wallet and i think someone is using my card to withdraw my money. can you please cancel or freeze my card?!!,11,cash_withdrawal_not_recognised
"the card i thought was lost was just in my jacket, so can i reactivate it since i found it this morning?",6,card_linking
please check the exchange rate for my payment last saturday. i believe i have been overcharged.,9,card_payment_wrong_exchange_rate
how can i the person see my money transaction?,27,transfer_not_received_by_recipient
i found my card! can i link it back into the app?,6,card_linking
so i just went to the atm to get some cash. i input that i needed 100 pounds but i only got 80. i have the receipt and i am in need of the extra money. how do i go about obtaining the missing amount?,28,wrong_amount_of_cash_received
you sent me a card and now i want to link it.,6,card_linking
"my payment has been declined!! what's going on, i thought everything was alright and working well?",12,declined_card_payment
my payment has not been accepted.,22,reverted_card_payment?
is there a tracking number for the card?,5,card_arrival
i need a transaction reversed from my account.,25,transaction_charged_twice
can you explain the transfer fee that i was charged?,26,transfer_fee_charged
when will the transaction post to my account?,19,pending_transfer
explain pending transactions.,17,pending_cash_withdrawal
card payment has be declined.,22,reverted_card_payment?
why was there an extra charge when i transferred money?,26,transfer_fee_charged
i dont see my reciept,27,transfer_not_received_by_recipient
where did my money go? i'm not able to withdraw it from my atm.,13,declined_cash_withdrawal
a few hours ago i made a bank transfer from my uk account but i don't see that it has arrived. can you check and see if all is ok please?,1,balance_not_updated_after_bank_transfer
how come i can see an extra charge for my transfer?,26,transfer_fee_charged
why does the same transaction appear multiple times?,25,transaction_charged_twice
why haven't i seen the cash from the cheque i deposited yet?,2,balance_not_updated_after_cheque_or_cash_deposit
i'm still waiting for my transaction.,27,transfer_not_received_by_recipient
the refund i asked for isn't showing up,20,Refund_not_showing_up
"i made a transfer and the receiver said an amount was received, but less than the right amount. i now have to transfer more to get the remainder to the receiver. can you tell me about this. what's been going on?",26,transfer_fee_charged
how long will my cash withdrawal be pending for?,17,pending_cash_withdrawal
"i want to link to my card card with you, how?",6,card_linking
there's a payment that isn't mine on my app,8,card_payment_not_recognised
i would like help to revert a transaction i did this morning,4,cancel_transfer
what steps do i have to go through in order to activate my new card?,0,activate_my_card
how long do transfers take to show up in my account?,1,balance_not_updated_after_bank_transfer
a duplicated payment was made for something.,25,transaction_charged_twice
i made a transfer a couple hours ago but my balance has not been updated. why is this? shouldnt this be instant?,1,balance_not_updated_after_bank_transfer
"i found the card that i thought i lost, and i would like to reactivate it.",6,card_linking
i was under the impression i can make transfers for free. i made an online purchase for something that was obroad and there's some additional strange fee. i've never seen this before and this isn't fair.,26,transfer_fee_charged
"i did a cash deposit to my account, but i am not seeing it on my statement.",2,balance_not_updated_after_cheque_or_cash_deposit
what is the amount of time transfers usually take from the uk? i had just completed a transfer and nothing seems to be showing up so i need to be sure things are alright.,1,balance_not_updated_after_bank_transfer
are transfers to a beneficiary possible,3,beneficiary_not_allowed
how much time do transfers typically take? i sent money to a friend who needs it urgently. it's been hours and has not gone through.,27,transfer_not_received_by_recipient
why did my payment revert,22,reverted_card_payment?
"who do i talk to, to cancel a transfer?",4,cancel_transfer
what is the status of my card's delivery?,5,card_arrival
my beneficiary is not allowed? why?,3,beneficiary_not_allowed
why isn't my cash deposit showing up in my account? i deposited it this morning.,2,balance_not_updated_after_cheque_or_cash_deposit
a direct debit payment i didn't do shows in my app,14,direct_debit_payment_not_recognised
why is there an extra charge of 1 dollar on my statement?,15,extra_charge_on_statement
are money transfers free?,26,transfer_fee_charged
the refund on my account hasn't shown up,20,Refund_not_showing_up
where is my money that i transfered?!,1,balance_not_updated_after_bank_transfer
where do i go to add a new card?,6,card_linking
the atm cancelled a transaction on me when i was trying to get some cash out.,13,declined_cash_withdrawal
why is the cash withdraw i made shown as pending?,17,pending_cash_withdrawal
how do i activate my card so i can start using it?,0,activate_my_card
why was a fee changed for my transfer?,26,transfer_fee_charged
i think i got charged twice for the same thing,25,transaction_charged_twice
what does it mean if it says my card payment has been cancelled?,22,reverted_card_payment?
a payment shows up on the app that i never made.,8,card_payment_not_recognised
"am i able to look back at a transaction to see who with drawled some money from my account? i don't remember authorizing this a few weeks ago, but wanted to double check who took the money.",14,direct_debit_payment_not_recognised
"can you explain your refund policy, please?",21,request_refund
why won't my top up work,23,top_up_failed
"i was out today looking forward to paying with my new card, turns out the payment kept getting declined. this is really sad, what's going on?",12,declined_card_payment
can i make a withdraw in my home currency at an atm? i'm on vacation and am a bit worried because i don't have cash with me. is it possible to withdraw here without any additional costs or fees?,29,wrong_exchange_rate_for_cash_withdrawal
i was wondering if international transfers take longer than normal because i made a transfer from france a couple of days ago and nothing has happened yet?,1,balance_not_updated_after_bank_transfer
i received a fee i should not have.,7,card_payment_fee_charged
why did i get charged more than once?,25,transaction_charged_twice
my payment's stuck on pending.,16,pending_card_payment
there is a cash withdrawal on my statement that i don't recognize,11,cash_withdrawal_not_recognised
my card payment didn't work,12,declined_card_payment
"so my top-up failed, could you tell me why?",23,top_up_failed
i have a card payment i didn't make,8,card_payment_not_recognised
how come when i asked for 100 it only gave me 20.00 in the app,28,wrong_amount_of_cash_received
the refund isn't appearing in my account,20,Refund_not_showing_up
help! i need to cancel a transaction.,4,cancel_transfer
why is your exchange rate so bad?,9,card_payment_wrong_exchange_rate
how do i activate my new card,0,activate_my_card
my payment for my card is not working,12,declined_card_payment
my transfer to my account is missing.,1,balance_not_updated_after_bank_transfer
when did you start charging to make a withdrawal? how much is it now? i always thought it was free.,10,cash_withdrawal_charge
what is the exchange rate for foreign atms,29,wrong_exchange_rate_for_cash_withdrawal
are purchases returnable for full refund?,21,request_refund
"i completed a transfer within the uk two days ago, but it is still not showing received. i have verified the account number is correct already. is there anything else i need to do or is there a problem?",27,transfer_not_received_by_recipient
"my top-up was cancelled, could my bank be the problem?",24,top_up_reverted
where did this extra €1 fee on my statement come from?,15,extra_charge_on_statement
what do i do to activate?,0,activate_my_card
why was i chargged,26,transfer_fee_charged
"please help me, its urgent. someone has withdrawn money from my account as few hours before my wallet has been. now i want to stop withdrawal of more money.",11,cash_withdrawal_not_recognised
an overseas cash transfer did not work correctly,29,wrong_exchange_rate_for_cash_withdrawal
my atm withdrawal was declined.,13,declined_cash_withdrawal
can i get a refund on an item?,21,request_refund
what is going on? my balance still hasn't updated and it has been two weeks since i deposited my money!,2,balance_not_updated_after_cheque_or_cash_deposit
what is the strange cash withdrawal on my statement?,11,cash_withdrawal_not_recognised
did a wd earlier at an atm. the amount showing in the app is more than i got though.,28,wrong_amount_of_cash_received
why has my payment been declined? i paid by card.,12,declined_card_payment
how can i get a refund for an item i purchased but has not yet arrived?,21,request_refund
"i already paid to top-up but the funds aren't available yet, where are they?",18,pending_top_up
why hasn't my return cleared my account?,20,Refund_not_showing_up
why isn't my deposit showing up?,2,balance_not_updated_after_cheque_or_cash_deposit
i selected to withdrawal 30 pounds but only received 10. i'm still standing in front of the atm. the app shows i took out 30 pounds also. how do i fix this?,28,wrong_amount_of_cash_received
"hey i need help urgently. i just realised i sent my payment to the wrong account number, there is a typo! please cancel it immediately, i can't do it anymore from the app",4,cancel_transfer
how do i know if my top-up went through?,18,pending_top_up
"i desperately need to top-up my card, so why is it being declined? can you solve this for me? i need to use my card immediately!",23,top_up_failed
on my statement there is a payment that i don't recognise,8,card_payment_not_recognised
what is your refund policy for products i have purchased?,21,request_refund
tell me what i need to do to activate my card.,0,activate_my_card
why do i see an extra £1 charge on my statement?,15,extra_charge_on_statement
i am having trouble activating my card.,0,activate_my_card
i have a payment that is still pending,16,pending_card_payment
i have not seen any changes in my account balance(s) after making a transfer.,19,pending_transfer
how long will it take for my top up to work? it's still pending,18,pending_top_up
how do i fix a payment that was reverted,22,reverted_card_payment?
how was i charged extra when i used my card to pay?,7,card_payment_fee_charged
i am not able to make a purchase because there is an issue with my card,22,reverted_card_payment?
there is a cash withdrawl i don't remember.,11,cash_withdrawal_not_recognised
what can i pay with out fees,7,card_payment_fee_charged
i have no idea why there is a dollar that has been charged to my account.,15,extra_charge_on_statement
i was made to pay a fee for making a transaction with card.,7,card_payment_fee_charged
how long do i have to wait for the transfer to be finalized?,19,pending_transfer
i bought some things in the morning but the payment shows as pending,16,pending_card_payment
i was not able to receive the correct amount of cash.,28,wrong_amount_of_cash_received
i haven't received the money from the check i deposited.,2,balance_not_updated_after_cheque_or_cash_deposit
"my card keeps getting declined when i try to use it. i would like to top-up, but it is not going though.",23,top_up_failed
what is this charge on my card?,14,direct_debit_payment_not_recognised
my money transfer hasn't appeared yet.,19,pending_transfer
after looking at the app i noticed a couple of payments i know i did not make. is it possible someone has accessed my card? what is actually going on?,8,card_payment_not_recognised
why do i have to pay extra for using my card?,7,card_payment_fee_charged
i did not get the right amount of cash from the atm.,28,wrong_amount_of_cash_received
my account shows i made a debit payment to someone that i can't recall and would like to find out who the payment was made to.,14,direct_debit_payment_not_recognised
it looks like a payment i've made hasn't made it through yet.,16,pending_card_payment
i was needing you to see if the exchange rate is correct from when i got cash,29,wrong_exchange_rate_for_cash_withdrawal
how do i verify my new card?,0,activate_my_card
"the day before yesterday, i performed a transfer within the country. it still has not completed. can you check on that? the account number is definitely correct, as i've checked.",27,transfer_not_received_by_recipient
i received the wrong amount of cash from the atm. can you help?,28,wrong_amount_of_cash_received
i made a mistake this morning when i did a transfer. how do i reverse it?,4,cancel_transfer
"how do i know if i will get my card, or if it is lost?",5,card_arrival
"for you, how long do transfers normally take from a uk account? i completed one just now but nothing appears. i just need to be sure everything is okay.",1,balance_not_updated_after_bank_transfer
there were a couple of payments that i have noticed on my account with my card that i didn't make. is it possible that somebody else has my card information?,8,card_payment_not_recognised
"hello, i was contacted by a seller who let me know my money didn't come through on their side. it most certainly came out of my account so i need this looked at immediately because now it has been returned to me!",22,reverted_card_payment?
i deposited a check a few days ago and it's still not gone in! please help me with this,2,balance_not_updated_after_cheque_or_cash_deposit
i keep getting an error message when i'm trying to transfer funds! why aren't you accepting that?,3,beneficiary_not_allowed
i believe my top up did not work.,23,top_up_failed
my automatic top-up was unsuccessful,24,top_up_reverted
"card payment was declined, do you know why?",12,declined_card_payment
why isn't top-up working? my top-up money disappeared after i saw that it was successfully transferred. is it gone? where did it go?,24,top_up_reverted
a transaction is showing more than once.,25,transaction_charged_twice
how long does it take to activate my card?,0,activate_my_card
i bought something and i take issue with the exchange rate applied.,9,card_payment_wrong_exchange_rate
how can i request cash back? the atm just gave me a different amount than what i've been charged though...,28,wrong_amount_of_cash_received
my refund has not hit my account yet,20,Refund_not_showing_up
i received my new card. where is it in the app?,6,card_linking
the exchange rate was wrong?,29,wrong_exchange_rate_for_cash_withdrawal
"i have an issue. i bought something within the past one to two weeks and have received one of the products; however, today the total was returned to my account. what's going on here?",22,reverted_card_payment?
why do i have an unknown payment?,8,card_payment_not_recognised
when did you send me my new card?,5,card_arrival
how long do transfers take? i sent money to a friend who needs it urgently. it's been hours and has not gone through.,27,transfer_not_received_by_recipient
my thoughts were that you offered crypto top up which does not seem to be working. the money has now been taken from my account. what is the problem here?,24,top_up_reverted
i have a top-up that's still pending and wanted to know about it.,18,pending_top_up
when will my top up be applied?,18,pending_top_up
"after my checque or cash deposit, my balance didn't update.",2,balance_not_updated_after_cheque_or_cash_deposit
what's the pending length for credit transactions? i've had one in my pending category now for days and it won't move to processed.,16,pending_card_payment
is there something wrong with the atm? it would not let me pull cash out of my account.,13,declined_cash_withdrawal
i made a deposit in the atm and it has not cleared,17,pending_cash_withdrawal
i got charged twice with a duplicate card. how do i resolve this?,25,transaction_charged_twice
what is the expected delivery date for my card?,5,card_arrival
there are some card payments that i haven't done myself. what is going on with my card and does somebody else have access to my card?,8,card_payment_not_recognised
when i made a cash transfer abroad the wrong exchange rate was applied,29,wrong_exchange_rate_for_cash_withdrawal
how long do deposits take to appear? i've been waiting for more than a week and need the money!,2,balance_not_updated_after_cheque_or_cash_deposit
how can i see the progress of delivery of the card that was sent?,5,card_arrival
"there are charges on my card from the past few day i am pretty sure i didnt make, can you please freeze it for me? how do i get my money returned since it wasnt me?",8,card_payment_not_recognised
what is the pending payment on my card about?,16,pending_card_payment
i was trying to top up my account and it isn't working,23,top_up_failed
why didnt my account allow a transfer,3,beneficiary_not_allowed
why is my beneficiary being denies?,3,beneficiary_not_allowed
i was only given $20 when i tried to get $100,28,wrong_amount_of_cash_received
how long does it take for my top up to clear?,18,pending_top_up
"why, when paying with the card, was i charged an extra fee?",7,card_payment_fee_charged
it has been forever ago that i made an order online. the product simply is not coming. just give me back my money because i'm not paying these people.,21,request_refund
there is a 1£ charge that appears as pending on my statement. what is that? i haven't purchased anything for a pound there.,15,extra_charge_on_statement
why can't i transfer money to a beneficiery?,3,beneficiary_not_allowed
how long does it take for money to transfer?,1,balance_not_updated_after_bank_transfer
i don't recognize what this payment on my statement would be for.,8,card_payment_not_recognised
why is my friend not getting a transaction arrival yet?,27,transfer_not_received_by_recipient
i made a cash withdraw and it shows up as pending why is that?,17,pending_cash_withdrawal
"how long do eu transfers take? i bought something online a couple days ago , sent the money immediately online but the seller says it is still not there yet",19,pending_transfer
i could only take the amount of money that was available to me which was less then i expected.,28,wrong_amount_of_cash_received
"hello, i recently ordered an item and i need help with cancelling and processing a refund as soon as possible. it's very important that i get my refund quickly.",21,request_refund
"while transferring money, its getting error out as my transfer is not possible. please help me in this as earlier i was able to do it successfully.",3,beneficiary_not_allowed
i would like to report an issue with my product and want to get it refunded,21,request_refund
i've made a transfer from france two days ago but i was wondering if international transfers take longer to arrive because it hasn't made it yet.,1,balance_not_updated_after_bank_transfer
please help revert my transaction from this morning.,4,cancel_transfer
in a recent withdrawal i received less cash than i expected to receive. did someone make an error with the exchange rate?,29,wrong_exchange_rate_for_cash_withdrawal
why are fees charged for cash withdrawals? i went to withdraw some money earlier today after shopping. there's a new fee that there.,10,cash_withdrawal_charge
my card payment doesn't work.,12,declined_card_payment
my topping up didn't go through.,23,top_up_failed
why does my statement show an extra fee?,15,extra_charge_on_statement
what should i do if i see a withdrawal is pending?,17,pending_cash_withdrawal
i was charged multiple times at the same location at the same time,25,transaction_charged_twice
why has my top up not gone through yet?,18,pending_top_up
i have a direct debit that i did not set up,14,direct_debit_payment_not_recognised
i withdraw cash from the atm and was charged a fee,10,cash_withdrawal_charge
"i put money into my account in the form of a cheque, but my balance did not change.",2,balance_not_updated_after_cheque_or_cash_deposit
how long does it actually take for a card payment to go through? there's one stuck since a couple days already that doesn't seem to move,16,pending_card_payment
why hasn't my transaction been completed?,27,transfer_not_received_by_recipient
i have duplicated transactions on my statement,25,transaction_charged_twice
how long will my top-up be pending?,18,pending_top_up
my statement indicates i made a payment to an unfamiliar merchant.,8,card_payment_not_recognised
can you please explain why my beneficiary is not allowed?,3,beneficiary_not_allowed
how can i verify if a cash withdrawal was made from my account? i still have my card with me but i did not authorize the withdrawal that just occurred.,11,cash_withdrawal_not_recognised
is my card payment reverted?,22,reverted_card_payment?
why was i charged a fee on a cash withdrawal?,10,cash_withdrawal_charge
how do i activate a card?,0,activate_my_card
why can't i take money from my account?,13,declined_cash_withdrawal
why am i still waiting for my refund,20,Refund_not_showing_up
how long does it take for a cheque to post to your account?,2,balance_not_updated_after_cheque_or_cash_deposit
"i tried to make a withdrawal from the atm, but it was cancelled.",13,declined_cash_withdrawal
"what did you do with my money??? i just topped up, i saw the money was there, but now it's gone!! what did you do with it?",24,top_up_reverted
how come i can't find my payment?,22,reverted_card_payment?
how do i add a new card?,6,card_linking
this isn't fair! i thought transfers could be made for free. i just made a purchase online from abroad and now see some strange fee that i've never seen before.,26,transfer_fee_charged
i need help with my card!!!!! please. it keeps getting declined when i try to use it. i have tried a few times to use it and it keeps getting rejected. i have no idea why.,12,declined_card_payment
my account did not allow the transfer.,3,beneficiary_not_allowed
i see a charge for a direct debit that was not me.,14,direct_debit_payment_not_recognised
i have a payment that hasn't went through yet.,16,pending_card_payment
am i able to track the card that was just sent to me?,5,card_arrival
i went tot the atm earlier today and didn't realize this till now but i did not get all the money i requested. i believe my account was charged for 100 but i only got 80. is there any way we can solve this problem?,28,wrong_amount_of_cash_received
i contacted a seller about a refund last week but he still hasn't returned my money. i am frustrated and need these funds. please help me get my money back.,20,Refund_not_showing_up
i want a refund for my item,21,request_refund
how do i reactivate my card?,6,card_linking
there is a withdrawal on my account that i don't remember initiating.,11,cash_withdrawal_not_recognised
my check or cash deposit has not shown up,2,balance_not_updated_after_cheque_or_cash_deposit
help me find the transfer that i did.,1,balance_not_updated_after_bank_transfer
can you check the exchange rate on a cash transaction i did overseas,29,wrong_exchange_rate_for_cash_withdrawal
what is this extra €1 fee about?,15,extra_charge_on_statement
why have i been charged an extra pound?,15,extra_charge_on_statement
i didn't withdraw the amount of cash that is showing up in the app.,11,cash_withdrawal_not_recognised
i have a transaction showing up multiple times.,25,transaction_charged_twice
was there a number to track that i could get?,5,card_arrival
i'm still waiting on a payment,16,pending_card_payment
"if i bought something i didn't like, can i get a refund?",21,request_refund
i noticed a new fee on my account. i didn't know there were fees for these payments. what is the policy?,7,card_payment_fee_charged
i bought something and now i want a refund.,21,request_refund
the correct exchange rate wasn't given to me for an item i purchased.,9,card_payment_wrong_exchange_rate
i tried to top up but the app rejected it.,23,top_up_failed
why was i charged a higher exchange rate when i bought something abroad?,9,card_payment_wrong_exchange_rate
i did a transfer and was charged a fee that should not have been charged!,26,transfer_fee_charged
can you let me know why my cash withdrawal is still pending?,17,pending_cash_withdrawal
i do not recongize a payment in my account.,8,card_payment_not_recognised
my card payment might have been reverted.,22,reverted_card_payment?
how come the money from the merchant appeared back into my account?,22,reverted_card_payment?
what is the process to activate a card,0,activate_my_card
"hi, one of payment is still coming as pending for which i have already paid by card. i guess it did not processed, could you please check and update me.",16,pending_card_payment
"i am getting an error stating my transfer is not possible while transferring money. let me know the issue as its the first time i am getting error, earlier it used to work.",3,beneficiary_not_allowed
i need a refund for something i bought.,21,request_refund
i use this card all the time so why did it get declined at the store today?,12,declined_card_payment
"how long should a transfer normally take to process completely? i have a friend that needs it right away, but it's already been 2 hours and she hasn't received it.",27,transfer_not_received_by_recipient
why has my account balance not changed after depositing a cheque?,2,balance_not_updated_after_cheque_or_cash_deposit
are you sure this is the interbank exchange rate? this rate is really bad.,9,card_payment_wrong_exchange_rate
i have made a recent check and cash deposit that isn't reflected in my balance.,2,balance_not_updated_after_cheque_or_cash_deposit
how come my withdrawal rate is wrong for my cash withdrawal,29,wrong_exchange_rate_for_cash_withdrawal
why am i being declined?,12,declined_card_payment
why is there a direct debit fee in the app when i didn't do it?,14,direct_debit_payment_not_recognised
the app says i made a cash withdrawal that i didn't make,11,cash_withdrawal_not_recognised
the exchange rate is incorrect for something i bought,9,card_payment_wrong_exchange_rate
"my money is gone. i had topped up recently and saw it was there, but now it's disappeared, what's going on?",24,top_up_reverted
"hi, my money has not been credited to my account for which i have sent you cheque few days before. i am worried about the money please let me know the status.",2,balance_not_updated_after_cheque_or_cash_deposit
why is there a charge for $1 on my account?,15,extra_charge_on_statement
i don't recognize this payment at all! help!,8,card_payment_not_recognised
do you support top ups?,24,top_up_reverted
the cash abroad exchange rate is applied wrong.,29,wrong_exchange_rate_for_cash_withdrawal
"three months ago i bought a new house for my cat, fluffy. unfortunately fluffy was not a fan of the house and it had to be returned to pet smart last week. they said they have sent a refund but it's not there, can you tell me where it is?",20,Refund_not_showing_up
i keep trying to use my card to buy some things and you keep declining it. why? i've tried multiple times to make it go through but it won't.,12,declined_card_payment
i made a payment and it appears it is showing twice,25,transaction_charged_twice
i was overcharged one extra pound!,15,extra_charge_on_statement
a transfer was not allowed to an account.,3,beneficiary_not_allowed
i'm at the atm right now and it only allowed me to withdraw 10 pounds instead of my requested 30. what's going on? how can i fix this?,28,wrong_amount_of_cash_received
i need to top-up my card today urgently but my card keeps getting declined!! can you please resolve this problem or let me know if you have any alternatives,23,top_up_failed
"someone stole my account, there's a withdrawal but it wasn't me, can we put a stop to it please?",11,cash_withdrawal_not_recognised
why didn't my top up work?,24,top_up_reverted
"how long does a transfer from a uk account take? i just made one and it doesn't seem to be working, wondering if everything is okay",1,balance_not_updated_after_bank_transfer
"if you to to account, hit activate, and follow the instructions, you can activate it in just a few seconds.",0,activate_my_card
i have a cash withdrawal that i don't recognize.,11,cash_withdrawal_not_recognised
i was just giving the wrong amount by the atm. how do i request cash back at this point? the app is showing the amount that i actually requested even though that's not what i got.,28,wrong_amount_of_cash_received
how long after a failed topup will funds refurn to account,18,pending_top_up
i need info on activating my card?,0,activate_my_card
a refund for a recent return has not arrived on my card.,20,Refund_not_showing_up
why is the payment i made still pending?,16,pending_card_payment
"when i got cash, my exchange rate was off.",29,wrong_exchange_rate_for_cash_withdrawal
when will the cash that i put in the atm be cleared from pending status?,17,pending_cash_withdrawal
i may need to dispute a direct debit payment.,14,direct_debit_payment_not_recognised
when will i receive the cash payment from the check i deposited?,2,balance_not_updated_after_cheque_or_cash_deposit
i am not recognizing a debit payment from my account.,14,direct_debit_payment_not_recognised
can you change the rate for the item i bought in a different currency as it is wrong?,9,card_payment_wrong_exchange_rate
why is my card being declined when i try to do a top-up? how can this be immediately resolved?,23,top_up_failed
what is the extra €1 on my statement for?,15,extra_charge_on_statement
my card payment has been on pending forever. what is the problem? it should have gone through at some time by now.,16,pending_card_payment
why isn't the transfer to my account showing up?,1,balance_not_updated_after_bank_transfer
is it possible to dispute a debit payment from a couple of months ago.,14,direct_debit_payment_not_recognised
my card was declined,12,declined_card_payment
"i deposited cash this morning, but it's not showing up in my account. can you tell me where's my money?",2,balance_not_updated_after_cheque_or_cash_deposit
how long will my top-up stay pending?,18,pending_top_up
i transferred money but the balance hasn't changed.,1,balance_not_updated_after_bank_transfer
why is there a fee associated with card use?,7,card_payment_fee_charged
why is my transfer not showing,1,balance_not_updated_after_bank_transfer
"i deposited cash into my account a week ago and it is still not available, please tell me why? i need the cash back now.",2,balance_not_updated_after_cheque_or_cash_deposit
why did the top-up fail?,23,top_up_failed
do you offer refunds? i would like to return purchase.,21,request_refund
there is a card payment i'm not familiar with.,8,card_payment_not_recognised
there's an unauthorized cash withdraw,11,cash_withdrawal_not_recognised
my identity has been stolen. i still have my physical card but there are charges i didn't make on my account. how do i cancel this card or dispute the charges?,11,cash_withdrawal_not_recognised
what are then rules on beneficiaries?,3,beneficiary_not_allowed
is a tracking number available for the card that was just sent?,5,card_arrival
"after i deposited my cash, i still don't see it in my account.",2,balance_not_updated_after_cheque_or_cash_deposit
why is this not letting me exchange crypto? i need help making this transaction go through.,3,beneficiary_not_allowed
i see a fee that i think was charged because i paid by card.,7,card_payment_fee_charged
"my top-up hasn't gone through, what happened?",23,top_up_failed
i need to freeze my card. there are charges on there that i did not authorize. they've been coming out for a couple of days. can i get this money back?,8,card_payment_not_recognised
i transferred some money to my mom 2 days ago and she has not received it. i double checked the information and it looks right. can you help me?,27,transfer_not_received_by_recipient
is there a problem with the top up system? my transaction hasn't gone through properly,18,pending_top_up
i don't know where this debit transaction on my statement came from.,14,direct_debit_payment_not_recognised
am i able to get a refund for a purchase?,21,request_refund
i tried to withdraw cash from the atm machine and it did not work. can you tell me why?,13,declined_cash_withdrawal
"i tried to get some with-drawls but the machine didn't work. the transaction still seems in progress.seems like something is wrong,i don't want to be charged for transaction i did not make.",17,pending_cash_withdrawal
my account was charged a fee. when did you start charging extra for card payments?,7,card_payment_fee_charged
i was wondering why my card was declined,12,declined_card_payment
i don't recognize the direct debit payment on my account.,14,direct_debit_payment_not_recognised
is there a reason my top-up has been cancelled?,24,top_up_reverted
i was double charged at a restaurant can you take the second charge off?,25,transaction_charged_twice
why wouldn't the atm give me cash?,13,declined_cash_withdrawal
"i'm trying to make a payment to my new landlord. even though the payment was sent a few days ago, it isn't clearing on their side. can you verify that payment has been made?",27,transfer_not_received_by_recipient
i withdrew cash and dont see it reflected on the balance,17,pending_cash_withdrawal
i was charged an additional amount of money for making a purchase with my card,7,card_payment_fee_charged
is there a reason my payment is still pending?,16,pending_card_payment
this is the first time i've tried to get my money out of an atm and it didn't work. please give me my money,13,declined_cash_withdrawal
"i got a message saying i made a withdrawal from the bank machine, but i did not.",11,cash_withdrawal_not_recognised
the cash i asked for still hasn't been received,28,wrong_amount_of_cash_received
i transferred some money to a friend of mine who urgently needs some money right now. how long will it take to get to her?,27,transfer_not_received_by_recipient
why am i charged a fee when using my debit or credit card?,7,card_payment_fee_charged
i tried withdrawing money in another country and the exchange rate was wrong.,29,wrong_exchange_rate_for_cash_withdrawal
will i have to wait much longer for my new card to arrive?,5,card_arrival
my top-up didn't go through; it still says pending. what's up with that?,18,pending_top_up
"my card has been declined by two separate atm, and i'm worried something is wrong with my account. would you please see if my account is okay?",13,declined_cash_withdrawal
why haven't i received a refund yet?,20,Refund_not_showing_up
my transfer isn't in,27,transfer_not_received_by_recipient
"the other bank confirmed a transfer i made, but this account is not reflecting it yet.",1,balance_not_updated_after_bank_transfer
my top up isnt working,23,top_up_failed
my card payment has had the status of pending forever. what is the issue? it should have gone through at some point.,16,pending_card_payment
"i want a refund, but i haven't received the item yet. can i cancel it and get my funds back? how do i do that.",21,request_refund
why hasn't my withdrawal shown on my statement?,17,pending_cash_withdrawal
could you explain why my card payment did not work?,12,declined_card_payment
why is there an additional fee showing on the statement i received?,15,extra_charge_on_statement
there is a refund missing.,20,Refund_not_showing_up
there was a direct debit transaction i have don't think should be there.,14,direct_debit_payment_not_recognised
i don't think i made this transaction on my statement,8,card_payment_not_recognised
there are two of the same charge on my statement.,25,transaction_charged_twice
my top up is still pending,18,pending_top_up
"i was charged twice, when i didn't purchase anything twice.",25,transaction_charged_twice
i think my card is being used by someone else to make purchases that i didn't authorize! i checked my account and see that there have been quite a few purchases over the last two days that i have no idea where they came from. we need to freeze my card now! and i need to find a way to get my money back.,8,card_payment_not_recognised
how can i activate the new card i got?,0,activate_my_card
there's a cash withdrawal on my account that i didn't make,11,cash_withdrawal_not_recognised
"why did i get charged a fee, i thought it was free?",10,cash_withdrawal_charge
why is it failing to top-up?,23,top_up_failed
my statement shows an extra fee - what is it?,15,extra_charge_on_statement
why is my balance not updated?,1,balance_not_updated_after_bank_transfer
"hello, can you please inform me about international transfers? i am expecting a transfer i made from france two days ago and would like to know when it will arrive.",1,balance_not_updated_after_bank_transfer
"there was money taken out of my account, and i'm pretty sure i didn't do it.",11,cash_withdrawal_not_recognised
why hasn't my friend received the transaction?,27,transfer_not_received_by_recipient
i went to the notting hill atm to use my card the first time for a cash withdrawal but it didn't work. does this mean that my card isn't working yet?,13,declined_cash_withdrawal
i did not get the right exchange rate while getting my cash out.,29,wrong_exchange_rate_for_cash_withdrawal
why do i have duplicate transactions for one purchase?,25,transaction_charged_twice
i need some help figuring out what this strange payment is on my account. it's stays pending and won't go away.,15,extra_charge_on_statement
to many charges on my card how do i go about fixing that?,25,transaction_charged_twice
please help me get a refund?,21,request_refund
i see a direct debit transaction in my history that i did not set up.,14,direct_debit_payment_not_recognised
please help! the app won't let me cancel a money transfer. i accidently sent money to an account that wasn't mine. i need this cancelled immediately.,4,cancel_transfer
why was i charged more than i should have been?,15,extra_charge_on_statement
the app reverted after i topped-up,24,top_up_reverted
i withdrew some cash and the exchange rate seems to be wrong.,29,wrong_exchange_rate_for_cash_withdrawal
when i tried to pay in a store my card din't work,12,declined_card_payment
"why does the atm continually decline my card? i've tried multiple times on different machines with the same results. i thought i had enough funds for this, so please help me understand why this is happening.",13,declined_cash_withdrawal
i just made an order and noticed an extra fee. why have you charged me this without informing me?,7,card_payment_fee_charged
i made a payment that is not yet complete.,16,pending_card_payment
how long will it take for my money to be deposited?,18,pending_top_up
i received less cash than the amount i specified in the atm.,28,wrong_amount_of_cash_received
top up is still pending,18,pending_top_up
how much longer is it going to take to get my new card?,5,card_arrival
what is the return policy?,21,request_refund
i just got an error message saying my transfer is not possible? why is that? i've transferred money before and it worked without problem,3,beneficiary_not_allowed
why was my card payment reversed?,22,reverted_card_payment?
why hasn't my money transfer showed up yet?,1,balance_not_updated_after_bank_transfer
hi. i noticed i have a duplicate charge which i have not made twice. who should i talk to take care of this?,25,transaction_charged_twice
"for some reason, i'm unable to transfer funds.",3,beneficiary_not_allowed
"i just moved overseas and i noticed that you are charging me more fees. i am a loyal customer, is this how you expect to keep customers?",26,transfer_fee_charged
what do i do if my payment was reverted?,22,reverted_card_payment?
i think the payment from my card was revereted,22,reverted_card_payment?
"i put some money in my account the other day and it's not gone in yet, can you help with this?",2,balance_not_updated_after_cheque_or_cash_deposit
is there a reason a payment is showing complete on my side but the person who is receiving it has not gotten it?,27,transfer_not_received_by_recipient
atm is broken. it did not give me the full amount (30 pounds.) i'm standing here with only 10 pounds and it's telling me it gave me 30 pounds. i need assistance now!,28,wrong_amount_of_cash_received
my purchases from this morning still have pending payments.,16,pending_card_payment
"my cash withdrawal says pending, why?",17,pending_cash_withdrawal
the app is showing that i received alot more money than i actually received from the atm. this occurred earlier today.,28,wrong_amount_of_cash_received
"hi, i sent a payment to the wrong account number - can you cancel it as soon as possible?",4,cancel_transfer
"i hate this atm, it charged me an extra fee, why did it charge?",10,cash_withdrawal_charge
why was i charged extra when paying with card?,7,card_payment_fee_charged
why does my transfer still say it is pending?,19,pending_transfer
"i keep trying to make a payment, but it doesn't work.",12,declined_card_payment
"if i see a payment in the app that i don't recognize, what should i do?",8,card_payment_not_recognised
there's an error in regards to the exchange rate for an item i bought.,9,card_payment_wrong_exchange_rate
why is there a fee on my money transfer?,26,transfer_fee_charged
is there a way to track the new card you sent me?,5,card_arrival
i feel as though i have been over charged for the exchange rate on my payment on last saturday.,9,card_payment_wrong_exchange_rate
"when is my balance going to update, i just transferred some money",1,balance_not_updated_after_bank_transfer
i didn't set up the direct debit i have,14,direct_debit_payment_not_recognised
you have declined my payment.,12,declined_card_payment
"hello, i wanted to get some more information about atm withdraw fee. i have been withdrawing money for years and notice this charge on my account. i always thought it was no fee since its you guys atm company that i am withdrawing. can you please explain?",10,cash_withdrawal_charge
"while abroad i got cash, and a wrong exchange rate was applied.",29,wrong_exchange_rate_for_cash_withdrawal
i just had a look at my statement. why have i been changed for using the atm?,10,cash_withdrawal_charge
i'm being charged for using my card!,7,card_payment_fee_charged
stop the transaction,4,cancel_transfer
the amount of cash i received did not match the amount i requested,28,wrong_amount_of_cash_received
i'm not able to withdraw money from the atm but i'm not sure why.,13,declined_cash_withdrawal
how to cancel a transaction,4,cancel_transfer
"hello i am unable to exchange the crypto currency through the app, i am very keen to buy. please let me know the issue. interested buying crypto currency but i am unable to purchase it through the application,i do want to do the exchange, could you please let me know what is the problem?",3,beneficiary_not_allowed
my top-up was rejected by an app.,23,top_up_failed
why was i charged a fee for withdrawing money off my card?,10,cash_withdrawal_charge
is it normal to be charged an extra fee when paying with my card?,7,card_payment_fee_charged
why did they charge me an extra $1?,15,extra_charge_on_statement
how can i activate my new card? i didn't recieve any information with it about how to do so.,0,activate_my_card
should my top-up be completed by now?,18,pending_top_up
how long should i wait for top up go go through ?,18,pending_top_up
my card payment didn't go through.,12,declined_card_payment
i found a direct debit i would like to dispute,14,direct_debit_payment_not_recognised
there is an extra small charge on my card! what do i do?,15,extra_charge_on_statement
how long does a bank transfer take to show up in available funds?,1,balance_not_updated_after_bank_transfer
where can i activate my card?,0,activate_my_card
the exchange rate applied was incorrect when i was traveling outside the country.,29,wrong_exchange_rate_for_cash_withdrawal
i believe i was charged for making a withdrawal after i went grocery shopping. are you guys charging for this now?,10,cash_withdrawal_charge
my app says i withdraw money from my account from an atm.,11,cash_withdrawal_not_recognised
"why is my transfer not working? i tried multiple times to transfer money, and all that happens is an error message pops up.",3,beneficiary_not_allowed
i have been charged a pound for something that appears on my statement,15,extra_charge_on_statement
the app reverted my recent payment,22,reverted_card_payment?
"the atm would not give me cash,why?",13,declined_cash_withdrawal
i've transferred money into my account but the balance is the same,1,balance_not_updated_after_bank_transfer
"hi, i checked my transactions and saw that i was charged twice during a restaurant visit. i would like to get my money back.",25,transaction_charged_twice
i made a payment but it's still pending,16,pending_card_payment
"i was charged a fee when i transferred my funds, why?",26,transfer_fee_charged
i am missing a refund amount on my account.,20,Refund_not_showing_up
why is my cash withdrawal pending?,17,pending_cash_withdrawal
can you tell me why my credit card was declined while trying to top-up?,23,top_up_failed
why am i getting a fee on a card payment?,7,card_payment_fee_charged
card activation steps,0,activate_my_card
how much longer do i have to wait until my transaction is complete? i transferred money to another country many hours ago and the transaction is still pending.,19,pending_transfer
card activation is not working. what do i do?,0,activate_my_card
i paid with my card and ended up being charged a fee.,7,card_payment_fee_charged
has my top up gone through?,18,pending_top_up
why was my cash withdrawal given the wrong exchange rate?,29,wrong_exchange_rate_for_cash_withdrawal
can you tell me why a refund i'm owed is not showing on my statement?,20,Refund_not_showing_up
help please! my rent payment is coming out tomorrow and i made a payment mistake yesterday! can you put in in the correct account?,4,cancel_transfer
why didnt my top up go through,24,top_up_reverted
i can't get money out of the atm. is my card actually working? it's the first time i tried using it,13,declined_cash_withdrawal
why do i have a charge for an atm withdrawal? i thought these were free?,10,cash_withdrawal_charge
"i made a mistake when making my last transfer, please cancel before it goes thru.",4,cancel_transfer
why wasn't my top-up accepted and where did that money go? at first it said it was confirmed but now i can't find it.,24,top_up_reverted
"i received a fee for obtaining cash, is this correct?",10,cash_withdrawal_charge
why was the exchange wrong for the item i purchased?,9,card_payment_wrong_exchange_rate
i still do not see the cash deposit in my account from last week. why?,2,balance_not_updated_after_cheque_or_cash_deposit
a transaction posted twice to my account.,25,transaction_charged_twice
how long does it typically take to make a transfer from a uk bank? i just made one and it hasn't shown up in my account yet.,1,balance_not_updated_after_bank_transfer
the currency exchange for my purchase in foreign currency is incorrect.,9,card_payment_wrong_exchange_rate
"the activation process did not work, please help?",0,activate_my_card
let me know when applying extra charges for payments. i just checked the app and saw a fee that i wasn't warned about.,7,card_payment_fee_charged
i'm still awaiting for the completion of the transaction.,27,transfer_not_received_by_recipient
can someone assist me with activating my card?,0,activate_my_card
how do i get my cash withdrawal to show?,17,pending_cash_withdrawal
why was i double charged?,25,transaction_charged_twice
there's something wrong on my bill. a transfer fee should never have been added.,26,transfer_fee_charged
my cash withdrawal shows as pending still.,17,pending_cash_withdrawal
i made a deposit and the balance hasn't been updated.,2,balance_not_updated_after_cheque_or_cash_deposit
"hi, i tried to withdraw some money from an atm and the machine was broken. it says that the transaction is still in progress. can you double check to see what's happening? i don't want to be charged since i was not able to withdraw the money.",17,pending_cash_withdrawal
after purchasing an item i noticed the exchange rate was incorrect.,9,card_payment_wrong_exchange_rate
"i made a deposit a couple of days back it's, as of yet, not gone in! it would be ideal if you assist me with this",2,balance_not_updated_after_cheque_or_cash_deposit
a withdraw i tried to make at the atm was declined i don't know why.,13,declined_cash_withdrawal
where did the €1 fee in my statement come from,15,extra_charge_on_statement
"i was told that withdrawing cash from the atm is free, but i'm charged a fee. why is this?",10,cash_withdrawal_charge
i found my lost card. am i still able to use it?,6,card_linking
"i haven't received my transfer funds yet, where are they?",19,pending_transfer
can i use my new card?,0,activate_my_card
how long will it take for a bank transfer to show up on my account? it's been a couple hours but i havnt seen anything yet. also it's from a uk account if that makes any difference.,1,balance_not_updated_after_bank_transfer
why is my top up not completing?,18,pending_top_up
tell my why my top-up is pending.,18,pending_top_up
i made a cash deposit going to my account but it is not there,2,balance_not_updated_after_cheque_or_cash_deposit
when will my deposit post to my account?,2,balance_not_updated_after_cheque_or_cash_deposit
i made a check and cash deposit that wasn't credited to my account.,2,balance_not_updated_after_cheque_or_cash_deposit
"hi, would you please activate my card?",0,activate_my_card
am i getting charged for making a payment?,7,card_payment_fee_charged
why is there an uknown charge showing on my account?,8,card_payment_not_recognised
"is there something wrong with my top up i did an hour ago? it's still pending. i need that money, i cant afford to wait or have it come back to me.",18,pending_top_up
i transferred money to my account but it is not showing.,1,balance_not_updated_after_bank_transfer
my top up did not complete.,18,pending_top_up
"how long do eu transfers actually take? i recently bought something online a few days ago, sent the money immediately online but the seller says it's still not there yet.",19,pending_transfer
after i transferred money the balance remained the same.,1,balance_not_updated_after_bank_transfer
i transferred some money but it hasn't arrived yet,1,balance_not_updated_after_bank_transfer
there is a strange payment on my card.,8,card_payment_not_recognised
"i tried to withdraw some money from an atm this morning but wasn't able to get the amount of cash i needed. the amount in the app says what i was trying to withdraw was deducted, but i don't have any money. what do i do about this?",28,wrong_amount_of_cash_received
i don't understand why i was charged extra for withdrawing money?,10,cash_withdrawal_charge
"i went to an atm to get cash, but the app says the withdrawal is still pending. how is that possible when i already have the cash with me?",17,pending_cash_withdrawal
i tried to withdraw cash at an atm in the city center but my card was declined. the transaction is still showing up as pending - please cancel it!,17,pending_cash_withdrawal
"i transferred money to a receiver within the eu and they received a lesser amount than expected. now i will have to send additional money to the receiver in order to make up the difference. i'm not sure what went wrong, can you please advise?",26,transfer_fee_charged
there's an error with the rate that is charged.,9,card_payment_wrong_exchange_rate
there is a withdrawal in my account i didn't make.,11,cash_withdrawal_not_recognised
"i have done a transfer within the country the day before yesterday, but it's still not there yet. can you please check what's going on with that, the account number definitely is the right one, i've checked that already.",27,transfer_not_received_by_recipient
what is the reason for my beneficiary to be disallowed?,3,beneficiary_not_allowed
i got charged twice,25,transaction_charged_twice
i went to use my new card today and the card was repeatedly declined. i would really like to use this card and need to know what to do about it.,12,declined_card_payment
"transfers may show up as pending for up to one business day while they are processed, and then they'll depart for the beneficiary accounts. please confirm that you have correctly entered your account details. sepa transfers typically take up to two working days, while swift transfers can take up to five working days.",19,pending_transfer
i changed my mind on something i purchased through you and i need the transaction canceled and a refund as soon as possible. can you help me please?,21,request_refund
"hello-can you please help me get a refund from this merchant? i ordered a product and would like to return it. i have been unsuccessful in getting the merchant to return my request for the past several days. i understand it can take up to 45 days to process the dispute and issue a refund, however, if this can be expedited faster it would be very helpful to me.",21,request_refund
"i don't recognize this payment on my app, i am sure i didn't spend any money there.",8,card_payment_not_recognised
is there a reason my new card hasn't arrived?,5,card_arrival
what is this cash withdrawal on my statement?,11,cash_withdrawal_not_recognised
i topped up my account but the app failed to process it.,23,top_up_failed
why was i charged twice?,25,transaction_charged_twice
i am unable to get cash from the atm,13,declined_cash_withdrawal
why is there a fee for my transfer?,26,transfer_fee_charged
i need to know when a payment will actually go through. i completed a payment using my card but it is just showing as pending at this point and it has been a while ago.,16,pending_card_payment
the rate of exchange for my cash withdrawal is wrong.,29,wrong_exchange_rate_for_cash_withdrawal
the app says that i got cash in an atm and i didn't,11,cash_withdrawal_not_recognised
why did i get less cash than what i asked in the atm?,28,wrong_amount_of_cash_received
why did you charge me extra when i withdrew cash?,10,cash_withdrawal_charge
"i see in the app some cash was withdrawn, but it's not mine.",11,cash_withdrawal_not_recognised
i need urgent help. i realize i sent my payment to the wrong account number. i made a typo. please cancel the transfer immediately. i cannot do anything from the app.,4,cancel_transfer
i was unaware of the additional charge that was added onto my previous payment. a notification of extra charges would be appreciated in the future.,7,card_payment_fee_charged
my transfer failed to a beneficiary,3,beneficiary_not_allowed
why am i still not able to see the money i deposited a week ago? this is urgent!!,2,balance_not_updated_after_cheque_or_cash_deposit
can i stop a transaction?,4,cancel_transfer
why would there be an extra charge on my app?,15,extra_charge_on_statement
why am i not allowed to add a certain beneficiary?,3,beneficiary_not_allowed
"i have a cash withdrawal that says it's pending, why?",17,pending_cash_withdrawal
the machine didn't work earlier when i went to get money out and now my account says transaction in progress.why?,17,pending_cash_withdrawal
the top-up i ordered didn't process.,23,top_up_failed
i have have multiple charges for one transaction.,25,transaction_charged_twice
i am reluctant to use atms international because i don't get an accurate exchange rate,29,wrong_exchange_rate_for_cash_withdrawal
my cash deposit hasn't posted to my account.,2,balance_not_updated_after_cheque_or_cash_deposit
the transfer on my account is not showing up.,1,balance_not_updated_after_bank_transfer
i just sent money but the person i sent it to doesn't see it. what happened?,27,transfer_not_received_by_recipient
how can i dispute a direct debit transaction?,14,direct_debit_payment_not_recognised
why can't i topup my account?,23,top_up_failed
i didn't make the direct debit payment on my account.,14,direct_debit_payment_not_recognised
in my account i noticed my atm withdrawal is still pending,17,pending_cash_withdrawal
why was there an additional fee on the payment i just made? i don't usually have additional fees applied to my payments.,7,card_payment_fee_charged
how do i turn on my new card?,0,activate_my_card
"i went to look at my top-up and it was canceled, can you tell me why this happend?",24,top_up_reverted
my cash withdrawal was declined. why?,13,declined_cash_withdrawal
"there is an extra $1 charge on my statement, why is that?",15,extra_charge_on_statement
i made a purchase earlier today but it is still listed as pending- when will it go through?,16,pending_card_payment
is there a reason to why i was charged twice for a transaction?,25,transaction_charged_twice
my cash balance less than what i thought,28,wrong_amount_of_cash_received
will a beneficiary not accept a transfer?,3,beneficiary_not_allowed
my refund is not showing.,20,Refund_not_showing_up
the app is showing a payment i never made.,8,card_payment_not_recognised
help me access the card i already got so i can information from it.,6,card_linking
can i add a card back to the app?,6,card_linking
how soon will my balance be updated to reflect my transfer?,1,balance_not_updated_after_bank_transfer
my app shows a money withdrawal that i did not do.,11,cash_withdrawal_not_recognised
i would like to reactivate my card that i previously reported lost. i located the card this morning.,6,card_linking
my statement contains an unknown payment,8,card_payment_not_recognised
anytime i've made an atm withdrawal before it has always been free. i now say that i have been charged for my most recent atm withdrawal. what's going on here?,10,cash_withdrawal_charge
how can i get my money back for a payment i didnt make,14,direct_debit_payment_not_recognised
i think i deserve a refunded on a certain item.,21,request_refund
weird direct debit payment,14,direct_debit_payment_not_recognised
how long will my transfer be pending for?,19,pending_transfer
i see a direct debit transaction in the app that is not mine,14,direct_debit_payment_not_recognised
how long does a top-up take to go through?,18,pending_top_up
i didn't receive the correct exchange rate when i got cash.,29,wrong_exchange_rate_for_cash_withdrawal
"hello, i see that i have been charged an extra $1 on my app. could you please provide me with a reason for this charge?",15,extra_charge_on_statement
i thought transfers were free. why was i charged to transfer?,26,transfer_fee_charged
i still have not received an answer as to why i was charged $1.00 in a transaction?,15,extra_charge_on_statement
why is the payment showing as pending from things i bought this morning?,16,pending_card_payment
why was i charged for getting cash?,10,cash_withdrawal_charge
can i track my card while it is in the process of delivery?,5,card_arrival
where did the money transfer go?,27,transfer_not_received_by_recipient
why would my card payment be reverted?,22,reverted_card_payment?
"hello, i have tried using crypto top up but it is not working. i had some money in my account but i'm not sure what happened",24,top_up_reverted
how come i got charged extra for withdrawing cash?,10,cash_withdrawal_charge
explain why my top up would be reverted.,24,top_up_reverted
i have been charged twice this week for a couple of things on my card. can you please check this out for me and return the double charged items back?,25,transaction_charged_twice
why isnt my cash withdrawal showing,17,pending_cash_withdrawal
i got an unexpected charge on my transfers. how can i correct this?,26,transfer_fee_charged
i topped up but it isn't in my account,18,pending_top_up
why can't i get cash from the atm?,13,declined_cash_withdrawal
why i'm i being charged an extra pound,15,extra_charge_on_statement
what happens if my card payment is cancelled?,22,reverted_card_payment?
why is my atm withdrawal still pending?,17,pending_cash_withdrawal
how long do transfers take to go though,1,balance_not_updated_after_bank_transfer
i purchased something abroad but the exchange rate is incorrect.,9,card_payment_wrong_exchange_rate
$20 came out instead of $100,28,wrong_amount_of_cash_received
how long does it take for a purchase to go from pending to authorised?,16,pending_card_payment
can you tell me how to get my card on the app?,6,card_linking
"i am unable to activate my card, it won't let me.",0,activate_my_card
i have been charged twice on my statement.,25,transaction_charged_twice
"how long does a transfer to another country normally take? i check over and over again and see that my transfer is still pending. it's 2018, nothing should take this long. i have confirmed my account information, so there is no error. what is the hold up?",19,pending_transfer
"i should only have one charge, but it shows two.",25,transaction_charged_twice
help! there is a cash withdrawl on the account that i didn't make!,11,cash_withdrawal_not_recognised
i transferred money but the balance did not update.,1,balance_not_updated_after_bank_transfer
i didnt put that money in my account,11,cash_withdrawal_not_recognised
"i only received $20, but i requested $100.",28,wrong_amount_of_cash_received
my cash deposit isn't in my account. what happened?,2,balance_not_updated_after_cheque_or_cash_deposit
why was a extra fee added to my account for transfer ?,26,transfer_fee_charged
"i tried again to top up my card after doing it a couple days ago when it had worked. now, it doesn't seem to be working. can you tell me what the deal is here please?",23,top_up_failed
"hurry and refund me, i am waiting",20,Refund_not_showing_up
i can't get any money from my account.,13,declined_cash_withdrawal
i can't get cash from the atm!,13,declined_cash_withdrawal
how can i periodically check the delivery of the card you sent?,5,card_arrival
what caused my top up to be reverted?,24,top_up_reverted
when will my top up go through?,18,pending_top_up
i attempted to top up my account but it's been frozen in a pending state for well over an hour now! is this normal? i'm a new customer and this is my first time doing this. i assumed it would be done quicker than this.,18,pending_top_up
why is my transfer taking so long. i thought it was supposed to only take 1 day if i made a transfer to someone. can you wee what went wrong?,27,transfer_not_received_by_recipient
"with my new card, how may i activate it?",0,activate_my_card
"i tried transferring money to a beneficiary, however, i was unsuccessful.",3,beneficiary_not_allowed
i sent some money but the intended recipient says it hasn't arrived,27,transfer_not_received_by_recipient
will i need a new card or can i put my old card back into the app?,6,card_linking
"i just bought an item and would like to stop payment, is this possible? the item has not been received yet.",21,request_refund
my card was rejected,12,declined_card_payment
my cash withdrawal isnt showing on my account,17,pending_cash_withdrawal
my transfer seems to be too expensive.,26,transfer_fee_charged
there was a transaction this morning that i'd like to reverse.,4,cancel_transfer
my cheque deposit didn't seem to work.,2,balance_not_updated_after_cheque_or_cash_deposit
i question today's exchange rate for rubles into pounds. i was hoping for a better return.,9,card_payment_wrong_exchange_rate
what's the problem? my card keeps getting declined for top up. i need to know what is going on.,23,top_up_failed
why was i charged a fee to transfer,26,transfer_fee_charged
the atm keeps declining my transaction . i tried two different atms already would you please check if everything is okay with my account?,13,declined_cash_withdrawal
can i reactivate my card? i reported it lost and found it this morning in my jacket.,6,card_linking
why is my beneficiary not being allowed to get payment services?,3,beneficiary_not_allowed
the atm didn't give me what i asked for but my balance says it did,28,wrong_amount_of_cash_received
i need more assistance with how to activate my card.,0,activate_my_card
is it possible to get a refund for something i purchased?,21,request_refund
i was charged an extra pound for no reason. why is that?,15,extra_charge_on_statement
why was i not able to take cash from the atm?,13,declined_cash_withdrawal
why do i see a fee when i do a transfer?,26,transfer_fee_charged
is there a strict timeline regarding disputing transactions made on my account? i just noticed a fraudulent charge on a statement from a couple months ago.,14,direct_debit_payment_not_recognised
"someone is using my card to purchase flights to new york it's not me because i'm not going to new york, please can you cancel the card and refund the money?",11,cash_withdrawal_not_recognised
why isn't my balance updating after depositing cheques and cash.,2,balance_not_updated_after_cheque_or_cash_deposit
why am i being charged a hidden fee?,7,card_payment_fee_charged
my money hasn't been transferred yet.,1,balance_not_updated_after_bank_transfer
how does my top-up got cancelled?,24,top_up_reverted
"i thought transfers were free, why was i charged?",26,transfer_fee_charged
my account balance doesn't reflect an update i made by cheque yesterday. is something wrong or is the system slow?,2,balance_not_updated_after_cheque_or_cash_deposit
am i charged more for using the atm?,10,cash_withdrawal_charge
"i need some help, i thought you guys accepted crypto top ups?? it won't seem to let me do it. i put money in my account and now it's gone and i didn't spend it. where did it go??",24,top_up_reverted
i thought i would have received my new card at this point.,5,card_arrival
"i've just made a money transfer to the wrong account, i need to stop the money from being moved as it may be going to someone i don't know. please can you help?",4,cancel_transfer
"i noticed my card payment was cancelled, can you tell me why?",22,reverted_card_payment?
i was charged an extra pound.,15,extra_charge_on_statement
what is the extra fee on my statement?,15,extra_charge_on_statement
the machine only paid me a hundred when i wanted 20,28,wrong_amount_of_cash_received
i've been waiting for a refund where is it?,20,Refund_not_showing_up
can i have a refund for one of your products?,21,request_refund
when will my refund come through,20,Refund_not_showing_up
"i made a transaction, but i made it to an account i didn't mean to make it to.",4,cancel_transfer
how long does it take to reflect in my balance a top up,18,pending_top_up
i could not get the top-up to go through,23,top_up_failed
"i tried to access money earlier but the machine seems not to be working. after looking, the transaction actually shows to still being process. can you find out what is going on here? i don't want to be charged for some money i never got.",17,pending_cash_withdrawal
how long before a bank transfer shows up in the account?,1,balance_not_updated_after_bank_transfer
why have i been charged a fee for transferring money?,26,transfer_fee_charged
i just made a transfer from a uk account. how long does that typically take to show up? i just want to make sure it worked alright.,1,balance_not_updated_after_bank_transfer
why has my card payment been reversed?,22,reverted_card_payment?
why have i been charged an extra £1?,15,extra_charge_on_statement
a payment i didn't do shows in my app,8,card_payment_not_recognised
"i see a transfer fee, but to my understand, that should have been free, what happened?",26,transfer_fee_charged
where is the refund on my statement?,20,Refund_not_showing_up
how do i know which payments i make will have additional fees? where can i find this information online?,7,card_payment_fee_charged
"my new card has arrived, what's the activation procedure?",0,activate_my_card
i got a notice from my app that i withdrew cash but i don't remember doing so. how do i fix this?,11,cash_withdrawal_not_recognised
can i get some help activating my new card?,0,activate_my_card
i would like to link my card to my account.,6,card_linking
how do i cancel a charge?,4,cancel_transfer
i notice that i have a card payment that's been cancelled.,22,reverted_card_payment?
there is a payment in the app i did not make,8,card_payment_not_recognised
they said i would get a refund but i don't see it on my statement.,20,Refund_not_showing_up
the money is still in my account even though i already paid -- i don't understand what happened.,22,reverted_card_payment?
"even though i made a cash deposit, i am not seeing it in my account.",2,balance_not_updated_after_cheque_or_cash_deposit
i would like to cancel my order.,21,request_refund
please tell me why i would have to pay a fee for a recent payment. thanks.,7,card_payment_fee_charged
"i was out today looking forward to paying with my new card, but the payment just kept getting declined. this is really sad, what's going on?",12,declined_card_payment
i haven't gotten my new card.,5,card_arrival
something is wrong with my exchange rate charge,9,card_payment_wrong_exchange_rate
i see a duplicate payment.,25,transaction_charged_twice
there are a couple payments with my card in the app i see that i didn't create. what is happening? maybe someone gained access to my account.,8,card_payment_not_recognised
i've checked multiple times to make sure the account number listed is the right one after attempting to make a transfer within the country the day before yesterday. the transfer is still not available so can you please find out what is going on?,27,transfer_not_received_by_recipient
i haven't received money from a transfer?,27,transfer_not_received_by_recipient
i could not get the atm to work,13,declined_cash_withdrawal
i needed $100 but all it gave me was $20.,28,wrong_amount_of_cash_received
"pending still shows on this transfer, why?",19,pending_transfer
"my money has gone missing. i had recently added money in, and saw it was there and went through. now it's missing. what is happening?",24,top_up_reverted
i didn't realize that there were any fees for withdrawing money from my account--this has never happened to me before. what exactly are the fees?,10,cash_withdrawal_charge
can you tell me what is wrong ? i top-up with you all the time but this time it just shows my top-up as pending. what is happening?,18,pending_top_up
what could the reason be that my payment card was declined?,12,declined_card_payment
i'm still waiting for my card that was issued a week ago. what should i do?,5,card_arrival
"when i tried to access my cash, i wasn't allowed!",13,declined_cash_withdrawal
"please, tell me why i can't have the funds i deposited a week ago? i need the money now.",2,balance_not_updated_after_cheque_or_cash_deposit
the money has not yet been placed in recipients account.,27,transfer_not_received_by_recipient
what is the normal time to make an international transfer? i made one a few days ago that still hasn't arrived.,1,balance_not_updated_after_bank_transfer
i want a refund for an item,21,request_refund
how can i tell if my card payment is reverted?,22,reverted_card_payment?
i tried to top up my account and it didn't work,23,top_up_failed
why do i have a strange payment on my statement?,8,card_payment_not_recognised
i need some help now please! there are some transactions on my account that i do not remember purchasing. can they be reversed? can you please cancel or freeze my card so i don't keep getting charged?!,8,card_payment_not_recognised
"my statement shows a 1£ purchase pending. i do not remember making this purchase, please let me know what this is about.",15,extra_charge_on_statement
how long does it take to show a deposit i made to my balance?,2,balance_not_updated_after_cheque_or_cash_deposit
what do i need to do for a refund?,21,request_refund
the $1.00 has still not been reverted as indicated in the previous email.,15,extra_charge_on_statement
"i'm going on a trip soon and i needed to convert my russian ruble to uk pounds, but when i did, your company charged me above the exchange rate. did you mess up my transaction?",9,card_payment_wrong_exchange_rate
the exchange rate for my cash withdrawal was incorrect,29,wrong_exchange_rate_for_cash_withdrawal
i was charged extra or a hidden fee when i purchased something from you. what's the deal? i didn't authorize that charge.,15,extra_charge_on_statement
is there something wrong with the transferring functions? i keep trying to transfer funds and only get an error message.,3,beneficiary_not_allowed
what is the reason why the transfer shows as pending?,19,pending_transfer
i made a cash withdrawal at an atm but it still says pending in my account.,17,pending_cash_withdrawal
"i made a transfer for my rent payment about 2 days ago, but my landlord hasn't received it yet. it shows as done on my side, and i've double check all account numbers and they are correct. can you verify that the transaction was actually made?",27,transfer_not_received_by_recipient
i think my card payment has been reverted,22,reverted_card_payment?
why was i charged a fee for debit or credit card payment?,7,card_payment_fee_charged
"i received my card, how do i get it to work in the app?",6,card_linking
why did you charge me a fee when i made a transfer?,26,transfer_fee_charged
the exchange rate for my withdrawal is wrong,29,wrong_exchange_rate_for_cash_withdrawal
why is my transaction taking so long to complete?,27,transfer_not_received_by_recipient
is there any way to cancel a recent transfer? i did not mean to make it and need to make sure it does not go through.,4,cancel_transfer
i requested a refund from next because the dress i purchased had three arm holes. they said they sent the refund last wednesday which is nearly a week ago and i still don't have it. why not?,20,Refund_not_showing_up
why are my payments not working and show pending?,16,pending_card_payment
"hae there, i have a transaction that is in progress despite the fact that the atm was not working, what do i do to avoid being charged?",17,pending_cash_withdrawal
i bought something in another country but the exchange rate is wrong,9,card_payment_wrong_exchange_rate
i see a direct debit that i didn't authorize,14,direct_debit_payment_not_recognised
my rate is not right when i used my card in a different country's money.,29,wrong_exchange_rate_for_cash_withdrawal
just today there was a purchase on my card that wasn't done by me. can this be reversed and my card be frozen? i can't have this continue!,8,card_payment_not_recognised
i thought it was free to make a withdrawal. so how much does it cost now?,10,cash_withdrawal_charge
i had a dollar charged to my account that's still pending and wanted to know what the charge is for?,15,extra_charge_on_statement
i need my card to be activated right now.,0,activate_my_card
my card needs to be activated.,0,activate_my_card
can you find out why my credit card didn't process payment? it was declined for top up so what's the deal?,23,top_up_failed
for what reason is my transfer still pending now?,19,pending_transfer
why has another fee been placed on my statement?,15,extra_charge_on_statement
please tell me what this direct debit in my statement is,14,direct_debit_payment_not_recognised
why have i been charged more than once for the same transaction?,25,transaction_charged_twice
"i made a transfer and the receiver said an amount was received, but not exactly the same as the right amount. i now have to transfer more to get the remainder to the receiver. can you alert me about this. what's been happening?",26,transfer_fee_charged
how do i get my card to show in the app?,6,card_linking
why does my statement show various transaction times?,25,transaction_charged_twice
"i would like to make a purchase, however my card has been declined. i would like to ask the reason for this. the past two weeks, the card has been working fine.",22,reverted_card_payment?
why is the exchange rate terrible? that can't be close to the actual interbank rate.,9,card_payment_wrong_exchange_rate
the transfer went through but now it has been pending for quite a while. i need this to go through already,19,pending_transfer
i did a transfer but it is still pending.,19,pending_transfer
i received the wrong exchange rate for an item i bought.,9,card_payment_wrong_exchange_rate
i believe a wrong exchange rate was applied towards a cash transaction i made abroad.,29,wrong_exchange_rate_for_cash_withdrawal
what is the expected delivery date of my card?,5,card_arrival
wheres my money receipt,27,transfer_not_received_by_recipient
"i just got a card, how can i add it to the app?",6,card_linking
i want to cancel my purchase,21,request_refund
the app is showing a cash withdrawal that i didn't make.,11,cash_withdrawal_not_recognised
why is my cash request and the amount i received different?,28,wrong_amount_of_cash_received
how do i link an existing card?,6,card_linking
how do i find the refund on my statement?,20,Refund_not_showing_up
can you explain to me why a cash withdrawal shows up as pending?,17,pending_cash_withdrawal
i've never been to that store. that's a fraudulent charge.,8,card_payment_not_recognised
i am not able to purchase anything online! i have been using my card on multiple sites over a period of two weeks and none of the payments have gone through. why is this happening?,22,reverted_card_payment?
how long does it take for a bank transfer to show on my balance?,1,balance_not_updated_after_bank_transfer
how long does it take for a transfer to arrive,27,transfer_not_received_by_recipient
i see a direct debit that isn't mine? how can i get my money back?,14,direct_debit_payment_not_recognised
i am trying to complete a transfer but i keep getting an error message.,3,beneficiary_not_allowed
what is wrong with the exchange rate? this should have been a much higher amount of cash for that to apply.,29,wrong_exchange_rate_for_cash_withdrawal
"i received my card, how do i get it to show in the app?",6,card_linking
i have cash deposit to my account but it is experiencing a problem,2,balance_not_updated_after_cheque_or_cash_deposit
i don't understand why my payment was declined. i thought everything was ok.,12,declined_card_payment
"hi! a seller that i requested a refund from a long time ago has yet to send the money into my account, even though i keep checking it. can the seller be contacted by you guys to see what's going on?",20,Refund_not_showing_up
the exchange rate for the money i took out in a foreign country is wrong.,29,wrong_exchange_rate_for_cash_withdrawal
how can i make my card ready to use?,0,activate_my_card
what happened to my top-up? it was all done and now it's gone! are you having problems with your system?,24,top_up_reverted
i still don't have a refund.,20,Refund_not_showing_up
"i am worried about the amount of my cheque, which should be credited to my account few days before. as i have already sent you the cheque.",2,balance_not_updated_after_cheque_or_cash_deposit
the top up failed,23,top_up_failed
i was charged and shouldn't have been charged when using my card!,7,card_payment_fee_charged
"could i reactivate my card please, i couldn't find it but it turns out it was in my jacket pocket.",6,card_linking
"my top up has been pending for an hour already, and i really need this to go through as soon as possible. can you help?",18,pending_top_up
why is there a direct debit payment on my statement that i didn't do?,14,direct_debit_payment_not_recognised
what is this strange payment in my account?,8,card_payment_not_recognised
it's been a few days since i've tried to pay a seller but the funds aren't going through. what is happening?,16,pending_card_payment
my card is no longer lost. how do i enter it back into the app?,6,card_linking
how do i cancel a transaction?,4,cancel_transfer
"there is a fee for a transfer, please explain that to me.",26,transfer_fee_charged
"bank transfer to account did not show up, please help?",1,balance_not_updated_after_bank_transfer
there is a fraudulent payment!,8,card_payment_not_recognised
why hasn't my cash arrived yet from my cheque?!,2,balance_not_updated_after_cheque_or_cash_deposit
my product was faulty.,21,request_refund
i am trying to transfer and it has been stopped why is that,3,beneficiary_not_allowed
i want to cancel a transaction.,4,cancel_transfer
my cash withdrawal was not entirely complete,28,wrong_amount_of_cash_received
there has been a transfer pending in my account and i wanted to know how long it is going to take to go through.,19,pending_transfer
when will my cheque process?,2,balance_not_updated_after_cheque_or_cash_deposit
why is my withdrawal from the atm still showing as pending?,17,pending_cash_withdrawal
why was i charged a random fee for a transfer i made?,26,transfer_fee_charged
"i have done a transfer within the country the day before yesterday, but it's still not there yet. can you please check what's going on with that, the account number is the right one, i've checked that several times already.",27,transfer_not_received_by_recipient
i haven't received my card.,5,card_arrival
could you please help me? i made my rent payment and have double checked that i sent it to the right account. the person receiving it says he has not received it but it shows complete on my side.,27,transfer_not_received_by_recipient
"my card payment is showing up as pending for a very long time, what's going on with that, it should be going through at some point?",16,pending_card_payment
i need assistance activating my card?,0,activate_my_card
i just had my card get declined at the atm! i need to get money out but i am unable to. why has this happened?,13,declined_cash_withdrawal
"my card was refused, why?",12,declined_card_payment
i tried to transfer funds to a beneficiary and was denied. can you tell me why?,3,beneficiary_not_allowed
why was i charged an additional $1?,15,extra_charge_on_statement
how long would does it take for a seller to receive an eu transfer if i bought something from them and sent them the money immediately?,19,pending_transfer
the exchange rate for me was wrong when i was abroad.,29,wrong_exchange_rate_for_cash_withdrawal
top up cancellation,24,top_up_reverted
my cheque is slow to cash,2,balance_not_updated_after_cheque_or_cash_deposit
the payment on my card shows as pending.,16,pending_card_payment
the atm keeps declining my card! i tried two different atms already can you please check if everything is alright with my account??,13,declined_cash_withdrawal
how long does it actually take my card payment to make it to the account? i've made a payment a couple of days ago but it hasn't moved since.,16,pending_card_payment
i am noticing that a refund of a large purchase still has not been credited to my account. i contacted the merchant a few days ago and he assured me that he would submit it right away. is there a status update?,20,Refund_not_showing_up
what does the €1 fee mean?,15,extra_charge_on_statement
my balance is not what i thought it was following an atm withdrawal,17,pending_cash_withdrawal
looking back on my transactions from a couple of months ago i have noticed a charge that is fairly large that i'm certain was not completed by me. i know it has been a while but can i please dispute this charge?,14,direct_debit_payment_not_recognised
"i was transferring some money to a friend, which i thought would be free, but i see there is a charge. what's up with that?",26,transfer_fee_charged
what's the card you sent me's tracking number?,5,card_arrival
what is the procedure for activating this card?,0,activate_my_card
"i was charged a fee when withdrawing cash, can you explain why?",10,cash_withdrawal_charge
what is the process for activating a new card.,0,activate_my_card
please help me with my card. it won't activate.,0,activate_my_card
i purchased something overseas and the incorrect exchange rate was applied.,9,card_payment_wrong_exchange_rate
why haven't i gotten my new card?,5,card_arrival
i'm worried that my card has been compromised because i see a payment that i didn't make.,8,card_payment_not_recognised
i made a transfer from my uk account a couple of hours ago. could you please make sure everything went alright.,1,balance_not_updated_after_bank_transfer
what do i do if i do not recognise a cash withdrawal?,11,cash_withdrawal_not_recognised
money is not in recipients account.,27,transfer_not_received_by_recipient
"i was overcharged at an atm while on vacation. i needed cash so i had to use it, but your charges are outregous and i wish i would have known beforehand.",29,wrong_exchange_rate_for_cash_withdrawal
what happened to the transfer i did?,1,balance_not_updated_after_bank_transfer
i need assistance addressing a direct debit that i did not do myself.,14,direct_debit_payment_not_recognised
why am i unable to withdraw my money through this card?,13,declined_cash_withdrawal
the atm only gave me 10 pounds when i withdrew 30. what do i do?,28,wrong_amount_of_cash_received
"i was charged a fee for the transfer, but can you tell me why?",26,transfer_fee_charged
i have a card payment which shows as pending,16,pending_card_payment
how long should it take for a transfer to go through? i have been waiting a while.,27,transfer_not_received_by_recipient
my withdrawals were going smooth until i got declined today. what is going on?,13,declined_cash_withdrawal
i am concerned that i am being doubled charged for several items purchased in the past week. please review my statement and correct.,25,transaction_charged_twice
my card activation attempt failed.,0,activate_my_card
there is a debit paymet that i don't recognize.,14,direct_debit_payment_not_recognised
what does it mean if it says that my payment is pending?,16,pending_card_payment
i'm seeing a direct debit payment that is not me.,14,direct_debit_payment_not_recognised
i was charged two times for the same thing.,25,transaction_charged_twice
when will my payment go through?,16,pending_card_payment
i've deposited a check but the cash isn't showing that it's there yet.,2,balance_not_updated_after_cheque_or_cash_deposit
"my atm transaction shorted me on cash, and i think the exchange rate was wrong. did i receive the correct rate?",29,wrong_exchange_rate_for_cash_withdrawal
why hasn't my refund been appiled to my account?,20,Refund_not_showing_up
what do i need to do for the card activation?,0,activate_my_card
"hey, i have my card, how do i get it to show in the app?",6,card_linking
why hasn't my payment gone through?,16,pending_card_payment
what is the reason for the fee charge on my transfer?,26,transfer_fee_charged
the exchange rate was different when i got cash,29,wrong_exchange_rate_for_cash_withdrawal
i want a reason as to why my beneficiary is not allowed?,3,beneficiary_not_allowed
"the exchange rate given to me after a purchase, was incorrect",9,card_payment_wrong_exchange_rate
when does a uk transfer show up?,1,balance_not_updated_after_bank_transfer
my card payment was not successful.,12,declined_card_payment
how do i add my card to the app once i get it?,6,card_linking
why was there an extra charge because i used my card to pay?,7,card_payment_fee_charged
why is my payment declined? it looked like everything worked ok and my account was fine.,12,declined_card_payment
how long will my most recent transfer take to go through? the recipient needs the money urgently.,27,transfer_not_received_by_recipient
maximum how many days get the courier?,5,card_arrival
i made a top up yesterday but it's still pending.,18,pending_top_up
there is the same transaction showing more than once.,25,transaction_charged_twice
"i need to verify a payment to my new landlord. i transferred the first rent payment a few days ago. while it shows on my side, the landlord is saying he hasn't received it yet. can you verify that it has processed?",27,transfer_not_received_by_recipient
i was able to find my card. how to i go about putting it into my app?,6,card_linking
why can't you allow my beneficiary?,3,beneficiary_not_allowed
is there a way to track my card?,5,card_arrival
can i get an item refunded?,21,request_refund
i want to get a refund.,21,request_refund
i haven't yet received money that i transferred,1,balance_not_updated_after_bank_transfer
why can't i transfer to another account?,3,beneficiary_not_allowed
why is there extra cash in my account?,11,cash_withdrawal_not_recognised
why hasnt my card come in yet?,5,card_arrival
where is my refund? it appears to be missing.,20,Refund_not_showing_up
is there a way to revert a transaction?,4,cancel_transfer
"a wd was just made on my account, but it was not me and i still have my card. what to do?",11,cash_withdrawal_not_recognised
i don't know why my card payment did not work,12,declined_card_payment
my transaction has not been received. when are you going to process it?,27,transfer_not_received_by_recipient
do you have charges now when you pay with a card?,7,card_payment_fee_charged
why was my top-up rejected?,23,top_up_failed
"i no longer want to transfer funds, can we cancel that transaction?",4,cancel_transfer
what does it mean if my payment is pending?,16,pending_card_payment
what is the reason a transfer shows as pending?,19,pending_transfer
why did they take more money out then i withdrawed?,10,cash_withdrawal_charge
"i just looked at my app and it seems i was charged extra, why is that?",15,extra_charge_on_statement
how do i see my updated balance after i make a cheque or cash deposit?,2,balance_not_updated_after_cheque_or_cash_deposit
what is the correct exchange rate for getting cash,29,wrong_exchange_rate_for_cash_withdrawal
one of my card payments looks like it's stuck but i have made the payment days ago. how long until the payment will be applied to my account?,16,pending_card_payment
my card hasn't arrived in the mail yet. i ordered it two weeks ago. what can i do?,5,card_arrival
why are there multiple transactions showing for one purchase?,25,transaction_charged_twice
my refund isn't going fast enough.,20,Refund_not_showing_up
looking at my statement i see that i was double charged for a payment i made.,25,transaction_charged_twice
why did i have to pay an additional amount when using my card to pay?,7,card_payment_fee_charged
"yesterday, i made an incorrect payment to the wrong account for my rent payment. i need this addressed as soon as possible and the funds transferred to the correct account by no later than tomorrow.",4,cancel_transfer
i requested a refund but am unable to see it in my account. why is that?,20,Refund_not_showing_up
after making a transfer from a uk account it's not showing up. how long do these transfers normally take for you? i want to be certain everything is all right.,1,balance_not_updated_after_bank_transfer
i made a transfer recently but it has not changed on my dashboard.,19,pending_transfer
there is a strange card payment i don't recognise.,8,card_payment_not_recognised
i didnt do this charge,8,card_payment_not_recognised
i did a transfer but the balance is the same.,1,balance_not_updated_after_bank_transfer
there are a few payments in the app that i didn't make! does someone else have my card? what should i do?,8,card_payment_not_recognised
i would like to be assisted with the activation of my card.,0,activate_my_card
"how long does it take to transfer money, my retailer is waiting",27,transfer_not_received_by_recipient
i have a fee for cash withdrawal,10,cash_withdrawal_charge
how long will my atm withdrawal be pending?,17,pending_cash_withdrawal
why am i being charged a fee for transferring money ?,26,transfer_fee_charged
"my card payment was reverted, why?",22,reverted_card_payment?
can i get a refund?,21,request_refund
why couldn't i use my card at a store?,12,declined_card_payment
why can't the person i sent the money transfer to see it?,27,transfer_not_received_by_recipient
my card payment has been declined,12,declined_card_payment
i was charged for using my card?,7,card_payment_fee_charged
how do i avoid charges in the future,7,card_payment_fee_charged
"my payment was rejected, do you know why?",12,declined_card_payment
the atm wouldn't let me withdraw cash.,13,declined_cash_withdrawal
how can i cancel this transaction?,4,cancel_transfer
why would my payment have been returned to my account?,22,reverted_card_payment?
my refund is still pending,20,Refund_not_showing_up
my statement contained a one pound extra fee,15,extra_charge_on_statement
i noticed that the exchange rate applied to a recent purchase i made abroad was incorrect.,9,card_payment_wrong_exchange_rate
i just got my new card. how can i activate it?,0,activate_my_card
"my balance has not changed, despite depositing a cheque",2,balance_not_updated_after_cheque_or_cash_deposit
why can't i get cash out?,13,declined_cash_withdrawal
help! the app has an atm withdrawl that i didn't make.,11,cash_withdrawal_not_recognised
is my transfer pending?,19,pending_transfer
why is the transaction not posting?,19,pending_transfer
why is my transfer taking so long to complete?,27,transfer_not_received_by_recipient
i noticed that there is a withdrawal in the app that is not mine.,11,cash_withdrawal_not_recognised
where do i go to cancel a transaction?,4,cancel_transfer
why can't my beneficiary get access?,3,beneficiary_not_allowed
"i want to reactivate my card, i thought i had lost it but found it again in my jacket this morning.",6,card_linking
i noticed that there's a payment on my card that's pending.,16,pending_card_payment
how long does a payment usually show as pending? is it normal that mine is still pending?,16,pending_card_payment
i tried to get funds in hard cash but it was rejected!,13,declined_cash_withdrawal
i have a transaction showing up more than once.,25,transaction_charged_twice
i made a purchase but the exchange rate is wrong?,9,card_payment_wrong_exchange_rate
can you tell me if a credit/refund is coming from a seller? i asked for refund directly from them and am still waiting. it's been a week now and i still havn't seen my refund yet.,20,Refund_not_showing_up
"i need to figure out what these charges are on my account. they've been coming out for a couple of days. can i get all of this money back? also, i need to freeze my card.",8,card_payment_not_recognised
there should be a cash withdrawal that i haven't seen yet.,17,pending_cash_withdrawal
i can't see a refund for a return i completed recently.,20,Refund_not_showing_up
i have an unfamiliar direct debit in my statement.,14,direct_debit_payment_not_recognised
"i usually don't get charged for transfers, why was i this month?",26,transfer_fee_charged
how do i get my card active?,0,activate_my_card
i don't know what this direct debit payment is.,14,direct_debit_payment_not_recognised
you got the exchange rate wrong for my cash withdrawal,29,wrong_exchange_rate_for_cash_withdrawal
my top up is giving me problems. what is wrong with it?,23,top_up_failed
i think there has been a mistake on my exchange rate for this purchase.,9,card_payment_wrong_exchange_rate
i have a direct debit i didn't make,14,direct_debit_payment_not_recognised
how come i was charged a transaction of $1?,15,extra_charge_on_statement
i did a transaction to a wrong account!,4,cancel_transfer
i have yet to receive the cash i added to my account this morning.,2,balance_not_updated_after_cheque_or_cash_deposit
why is there a pending time on my transfer?,19,pending_transfer
why do i get a fee every time i transfer?,26,transfer_fee_charged
i have a withdrawal waiting to go through.,17,pending_cash_withdrawal
why can't i buy cryptocurrency on the app?,3,beneficiary_not_allowed
the cash i deposited using the atm is still pending,17,pending_cash_withdrawal
where did my extra fee for the transfer come from?,26,transfer_fee_charged
i need to cancel my recent transfer as soon as possible. i made an error there. please help before it goes through.,4,cancel_transfer
am i able to track a card that has already been sent?,5,card_arrival
i deposited a cheque a week ago but have yet to receive the cash.,2,balance_not_updated_after_cheque_or_cash_deposit
help me cancel a transaction.,4,cancel_transfer
i couldn't get the money i needed.,28,wrong_amount_of_cash_received
my transfer has been pending for a long time now. i already double checked my account info and it is correct. why is it taking so long in 2018 to transfer money?,19,pending_transfer
please assist me in activating the card.,0,activate_my_card
"hi, today i have tried to make payment by my new card, but payment got declined many times. i am very disappointed, please look into this.",12,declined_card_payment
"i shouldn't have been charged but i see a fee, why?",7,card_payment_fee_charged
i notice there's a pending payment on my card.,16,pending_card_payment
"hey i double checked that i have the correct account details already, they're right for sure. transfer is still pending since forever. it's not that difficult to transfer money to another country in 2018 is it?",19,pending_transfer
"|i moved out of my old house two weeks ago and cancelled my direct debit to my old landlord, this direct debit was working fine. now i've moved in to a new place and set up a transfer to a new landlord but it's not reached her yet, can you check it please?",27,transfer_not_received_by_recipient
i don't think i should have been charged a fee to use my card.,7,card_payment_fee_charged
"i want to get some cash from the atm using my card but i dont want to be charged any fees. ive taken some money out before with no fees, but recently ive been getting charged. why?",10,cash_withdrawal_charge
i am so angry right now! i went to the atm and did not get the correct amount of money i chose to withdraw. how could this happen? i need my money and want to know how i can get it asap!,28,wrong_amount_of_cash_received
how long do i have to wait for my transaction to be completed?,27,transfer_not_received_by_recipient
i asked for more cash than what was received,28,wrong_amount_of_cash_received
do international transfers take longer?? i made a transfer from france 2 days ago but it's still not there yet...,1,balance_not_updated_after_bank_transfer
my beneficiary is unable to transact,3,beneficiary_not_allowed
it says pending status for my payment. why?,16,pending_card_payment
it looks like my top up didn't work. why?,23,top_up_failed
i think a card payment i made was cancelled.,22,reverted_card_payment?
what does it mean to have a pending cash withdrawal?,17,pending_cash_withdrawal
you shorted me money when i tried to make a withdrawal.,28,wrong_amount_of_cash_received
there was a purchase on my card recently to a name that i don't recognize at all. what can be done about this? i need my money back.,8,card_payment_not_recognised
the funds i transferred are not in my account,1,balance_not_updated_after_bank_transfer
"so, i was just charged for my recent atm withdrawal and any withdrawal prior to this has been free. what is the issue here?",10,cash_withdrawal_charge
i sent a payment but now it's not showing up.,22,reverted_card_payment?
i think my card payment was cancelled. what happened?,22,reverted_card_payment?
"i'm waiting for a money transfer to show, still.",19,pending_transfer
i think the top up failed,23,top_up_failed
do i have to go somewhere to activate my card?,0,activate_my_card
i make payments for my place abroad using this account and since i use it so frequently i was wondering why did the fees increase suddenly rather than decreasing? i would think customers like me should receive incentives for using your service,26,transfer_fee_charged
what is this extra charge for a withdrawal?,10,cash_withdrawal_charge
exchange rate on a purchase was incorrect,9,card_payment_wrong_exchange_rate
several items i have charged this week are appearing twice. please review my statement and remove any duplicate charges.,25,transaction_charged_twice
i sent a transfer to a friend that needs it urgently. it has already been 2 hours and still hasn't come through to her. how long does it normally take?,27,transfer_not_received_by_recipient
"what is this card payment, i do not recognize it.",8,card_payment_not_recognised
i withdrew cash but it still shows as pending?,17,pending_cash_withdrawal
i was trying to purchase some crypto and the app won't allow me to do it. what's the deal with this? i really wanted to complete the exchange.,3,beneficiary_not_allowed
how long will it take for my payment to go through?,16,pending_card_payment
does the fee for exchange change?,9,card_payment_wrong_exchange_rate
i need to cancel a transaction immediately.,4,cancel_transfer
my statement is showing an extra £1 charge and i am unsure why. is there an explanation for this?,15,extra_charge_on_statement
why did withdrawing money cost me extra?,10,cash_withdrawal_charge
give me a refund now!! i am still waiting.,20,Refund_not_showing_up
"hi, i am disappointed to see such a bad exchange rate and hope you can assist me. would you be able to confirm the official interbank exchange rate for me?",9,card_payment_wrong_exchange_rate
"my payment was put back, i think.",22,reverted_card_payment?
"hello. i have a transaction in my account listed as pending. i tried to use an atm at the city centre, but the machine declined my card, and i did not receive the money. why is the transaction still pending if i did not receive the money.",17,pending_cash_withdrawal
someone else accessed my account and made a payment.,8,card_payment_not_recognised
why is my payment still pending?,16,pending_card_payment
i made a transfer and was charged an extra fee!,26,transfer_fee_charged
why did i get charged for a withdrawal?,10,cash_withdrawal_charge
shouldn't my new card be here by now?,5,card_arrival
i did a transfer. what is the extra fee?,26,transfer_fee_charged
there's an unauthorized direct debit in my app.,14,direct_debit_payment_not_recognised
why are there fees for using a card?,7,card_payment_fee_charged
i transfered and yet it is still pending,19,pending_transfer
i was declined when i tried to take out cash!,13,declined_cash_withdrawal
"i just checked and my payment was cancelled, why?",22,reverted_card_payment?
i'm supposed to have a refund but it isn't there,20,Refund_not_showing_up
there is a strange payment on my card and i don't know what to do.,8,card_payment_not_recognised
"some cash was withdrawn in the app, but i did not do it.",11,cash_withdrawal_not_recognised
i want to reverse a transaction i did this morning,4,cancel_transfer
why did you guys charge me an extra €1?,15,extra_charge_on_statement
my transfer didn't arrive to the recipient,27,transfer_not_received_by_recipient
what information do i need to gather in order to activate my card?,0,activate_my_card
i added funds to my account but the app didn't process it.,23,top_up_failed
"someone has a copy of my card !! i definitely still have it here but someone just made a 500£ cash withdrawal, help!",11,cash_withdrawal_not_recognised
i'm still waiting for my card.,5,card_arrival
cash and check deposit has not gone thru,2,balance_not_updated_after_cheque_or_cash_deposit
i made a transfer and they haven't received the money i sent them.,27,transfer_not_received_by_recipient
"my cash withdrawal shows pending, why?",17,pending_cash_withdrawal
why can't i see my refund in my statement?,20,Refund_not_showing_up
i have been charged twice for the same transaction.,25,transaction_charged_twice
i have an outgoing transaction,19,pending_transfer
why didn't i receive the correct exchange rate for an item that i purchased?,9,card_payment_wrong_exchange_rate
there is a transfer pending.,19,pending_transfer
i was given the wrong exchange rate when getting cash,29,wrong_exchange_rate_for_cash_withdrawal
"i recently reported my card as missing/lost, and i just found it. can i still use it?",6,card_linking
why am i being told this transfer will not go thru,3,beneficiary_not_allowed
"hi there, earlier today i tried to take money out of an atm machine, and something wasn't working. i didn't actually receive the money, but i just checked and it says that the transaction is still pending. can you tell me what's going on here? am i still being charged for the withdrawal even though i didn't end up getting any money?",17,pending_cash_withdrawal
i an not sure but it looks as if a card payment i made was cancelled.,22,reverted_card_payment?
i didn't do a payment and i have it now.,8,card_payment_not_recognised
i requested a higher amount for my cash withdrawal,28,wrong_amount_of_cash_received
"looks like my card payment was made twice by mistake. i paid at the store earlier which rejected once, second time it worked. app stays at pending for one of the payments. can you please remove one of them as it's wrong and clearly was declined?",25,transaction_charged_twice
dude i put money in the atm last week but it ain't there! i need the money now figure this out!,2,balance_not_updated_after_cheque_or_cash_deposit
can you explain why i am now getting charged a fee for using my card?,7,card_payment_fee_charged
why are the payments being declined on my new card? i tried several times to use my new card to pay for my gas at the shell station in my neighborhood. i am very distressed about my new card not working.,12,declined_card_payment
why on earth is the exchange rate so bad? can i get a rate closer to the actual interbank rate?,9,card_payment_wrong_exchange_rate
"hi , i just came to know i made the wrong transaction yesterday. would you please make it correct?i need it by tomorrow.",4,cancel_transfer
i want to return an item for a refund can i do that?,21,request_refund
i entered my pin in wrong and got it frozen. how many tries do i have,13,declined_cash_withdrawal
is it possible to cancel my transfer?,4,cancel_transfer
i'm wondering how long it takes for my money to get to me after a bank transfer.,1,balance_not_updated_after_bank_transfer
i don't know where a direct debit payment came from,14,direct_debit_payment_not_recognised
why does my statement contain an extra fee?,15,extra_charge_on_statement
i need to find out where the card is that i ordered.,5,card_arrival
"there is a direct debit charge that i don't recognize, what can i do?",14,direct_debit_payment_not_recognised
next time maybe let people know that buying things from another country costs extra. i used my card to purchase an item from another country and i was charged for the item and also an extra fee it looks like. i wasnt aware of this and i think i should get a refund.,26,transfer_fee_charged
are refunds allowed for certain items.,21,request_refund
who do i call to activate my new card?,0,activate_my_card
"hello i made a bank account transfer from the uk. the transfer was a couple hours ago, nothing has shown up yet. can you check to see if everything okay. please.",1,balance_not_updated_after_bank_transfer
i'm using the app and i noticed a payment that i didn't make.,8,card_payment_not_recognised
i'm still waiting for my new card.,5,card_arrival
what is the matter?,14,direct_debit_payment_not_recognised
my money didnt go through after i transferred.,3,beneficiary_not_allowed
my card was charged more than expected.,7,card_payment_fee_charged
"i have been double charged for a couple of things this week, and would appreciate a refund for the duplicate charges.",25,transaction_charged_twice
i requested a refund directly from the seller but i still don't have it. i just want you to send me my money back. i did what you said to do and i still don't have it.,20,Refund_not_showing_up
why is there a fee for getting cash?,10,cash_withdrawal_charge
i tried to get cash at some atm in the city centre earlier but the machine declined my card. i've seen it still shows up as pending in my account. please cancel it immediately as i definitely have not received that money!,17,pending_cash_withdrawal
i keep checking my statements but nothing shows up. i requested a refund a long time ago but seems it's not reaching my account for some reason. would you please help me get the money back from the seller.,20,Refund_not_showing_up
"i asked for $40 and i only received $20, what happened?",28,wrong_amount_of_cash_received
my payment is taking a long time to go through.,16,pending_card_payment
"how long does eu transfer take? i bought something online a couple days ago , sent the money immediately online but the seller says it is still not there yet",19,pending_transfer
someone that i had to send money to told me that they didn't receive the full amount i sent them - can you look into this?,26,transfer_fee_charged
"so much time has gone by, the pending status shouldn't still be there shouldn't it?",17,pending_cash_withdrawal
when do i see my recent refund in my statement,20,Refund_not_showing_up
i think there is a mistake. i am being charged twice.,25,transaction_charged_twice
i am having an issue with an in country transfer i did a few days ago. it has yet to appear in my account. i have checked to be sure that all account information is correct multiple times. what is taking the transfer so long?,27,transfer_not_received_by_recipient
when will my transfer move out of pending stage?,19,pending_transfer
a transfer has to be cancelled.,4,cancel_transfer
i think there was an error in your exchange rate.,9,card_payment_wrong_exchange_rate
explain the payment that was declined!,12,declined_card_payment
i completed a transfer that isn't showing up on my account.,1,balance_not_updated_after_bank_transfer
the atm is showing it gave me the money i requested but i didn't get that amount.,28,wrong_amount_of_cash_received
i have a new card and need to activate it,0,activate_my_card
i transferred money from one account to another account and i charged a fee for it. why is that?,26,transfer_fee_charged
the fee charged when i changed rubles into british pounds was too much.,9,card_payment_wrong_exchange_rate
how can i get my money that i didn't get from the atm?,28,wrong_amount_of_cash_received
when is a payment i made with my card going to clear>,16,pending_card_payment
i think my top up is still pending?,18,pending_top_up
i used the atm to get money out and did not realize i would be charged as much as i was or i would not have done that!,29,wrong_exchange_rate_for_cash_withdrawal
can you tell me if i can track the card you sent me?,5,card_arrival
i made a terrible mistake when typing in my account number. i accidently sent money to the wrong account. i noticed the app won't allow me to void the transaction. can someone help me with this immediately?,4,cancel_transfer
can you please refund my item?,21,request_refund
why isn't my money from a check deposit showing?,2,balance_not_updated_after_cheque_or_cash_deposit
why hasn't the transaction i did to my friend arrive yet?,27,transfer_not_received_by_recipient
can i get some help to get me card activated?,0,activate_my_card
how will i know when i get my refund?,20,Refund_not_showing_up
instructions for activating card,0,activate_my_card
why do i see an extra €1 charge on my statement?,15,extra_charge_on_statement
why am i getting charged more for using my card?,7,card_payment_fee_charged
why does a payment show up twice?,25,transaction_charged_twice
i made a card payment which is showing me pending.,16,pending_card_payment
i accidentally made a payment to a wrong account. what should i do?,4,cancel_transfer
"there is a pending payment on my account, what does this mean?",16,pending_card_payment
why have i been charged a fee for cash withdrawal?,10,cash_withdrawal_charge
why didn't i receive all the cash i requested?,28,wrong_amount_of_cash_received
"apparently, i went out today to use my new card and was informed my payment was decline. this is really embarrassing, what happen?",12,declined_card_payment
"help! i'm missing money, i deposited a cheque but its not showing on my balance.",2,balance_not_updated_after_cheque_or_cash_deposit
there's been a transaction to the wrong account.,4,cancel_transfer
my top up is not working,23,top_up_failed
$1 charge in transaction.,15,extra_charge_on_statement
when can i expect my refund?,20,Refund_not_showing_up
i want to activate my new card.,0,activate_my_card
i'm still waiting for my top-up to go through,18,pending_top_up
has my account been frozen? i tried to use my card but the atm would not dispense cash.,13,declined_cash_withdrawal
what is the reason my payment was not accepted?,12,declined_card_payment
my statement has a payment that i do not recall making,8,card_payment_not_recognised
"i looked at my statement, and there is a charge for 1£ that i don't recognize. why is it on there?",15,extra_charge_on_statement
i found my card again. can i put it back into the app?,6,card_linking
"i've tried many times to make a payment, but it's not going through. what's wrong?",12,declined_card_payment
why is there a charge for my transfer?,26,transfer_fee_charged
how long does a transfer take?,19,pending_transfer
why do you keep declining my payment? i tried several times already with this card and it is just not working.,12,declined_card_payment
there is an unauthorized payment in my statement.,8,card_payment_not_recognised
"hello, i tried to top up with my card, but it didn't work. i just got it a couple days before and it works fine. what's the deal? can you check into this?",23,top_up_failed
tried using my atm card earlier at one of your locations for the first time. it didn't work. what is going on?,13,declined_cash_withdrawal
is there a way for you to find out why my account was deducted from a seller when i didn't approve of it?,14,direct_debit_payment_not_recognised
what does pending payment mean?,16,pending_card_payment
why is my card payment still listed as pending?,16,pending_card_payment
"something is wrong with the top up! i'm a regular customer and use your service all the time, usually this works but now it just shows up as pending",18,pending_top_up
"my withdrawal is pending, why?",17,pending_cash_withdrawal
i sent money to my family last friday but they don't have it.,27,transfer_not_received_by_recipient
is there a way i can check on the card on route to me?,5,card_arrival
why did my money disappear when i topped up??,24,top_up_reverted
my card payment is showing pending however this transaction was a couple of days ago. is there a reason why it it still pending?,16,pending_card_payment
who should i talk to or go to resolve a duplicate charge on my statement?,25,transaction_charged_twice
why is my transfer pending?,19,pending_transfer
"i need help to resolve mix up on my card payment. my account shows the money was taken out and then put back in the account. then i received a message from the seller, it said that they did not get my payment.",22,reverted_card_payment?
i didn't make a payment that shows in my app.,8,card_payment_not_recognised
i would like to track the card you sent to me.,5,card_arrival
why cant i send money to a beneficiary?,3,beneficiary_not_allowed
why did my account decline a incoming transfer,3,beneficiary_not_allowed
what am i going to need in order to activate my card?,0,activate_my_card
"i normally don't use atms, but i was in a rush today and had to withdraw some cash. the atm gave me the wrong amount of money and now my app is not showing the same amount as it should. what do i do?",28,wrong_amount_of_cash_received
i have a missing refund,20,Refund_not_showing_up
i have a friend who needs money as soon as possibly. if i were to transfer it how long will it take to get to her?,27,transfer_not_received_by_recipient
the amount of exchange was not correct for the item i bought.,9,card_payment_wrong_exchange_rate
there is a direct debit transaction that i did not authorize,14,direct_debit_payment_not_recognised
i'm still waiting for the top-up!,18,pending_top_up
there's a payment with my card that i didn't perform. i don't know that name shown.,8,card_payment_not_recognised
can i track when my card will be delivered?,5,card_arrival
i am having trouble transferring money to a beneficiery.,3,beneficiary_not_allowed
please help! i need a refund on a transaction on something i bought and i need the refund right away!,21,request_refund
i did a payment but the app cancelled it.,22,reverted_card_payment?
i tried using my atm card at your notting hill location today. it did not work. am i doing something wrong?,13,declined_cash_withdrawal
why was i charged an extra fee when using the card?,7,card_payment_fee_charged
my top-up has been reverted and i would like to know why.,24,top_up_reverted
how long do top-ups take to go through,18,pending_top_up
what do i do to activate my new card?,0,activate_my_card
how can i get a refund for something i just bought?,21,request_refund
"the cheque i sent a few days ago has not been deposited yet, what is the hold up?",2,balance_not_updated_after_cheque_or_cash_deposit
i paid with a card and there is an extra charge. why?,7,card_payment_fee_charged
i was not distributed the correct amount of cash that i asked for,28,wrong_amount_of_cash_received
i didn't know i was going to get charged to use my card.,7,card_payment_fee_charged
why am i unable to withdraw money even though in the past i've done it just fine?,13,declined_cash_withdrawal
"i made a big purchase that i regretted and cancelled, the merchant said that my refund was submitted. can you confirm to me that all of my money was truly returned to me?",20,Refund_not_showing_up
why isn't my beneficiary allowed?,3,beneficiary_not_allowed
why would you decline my card?,12,declined_card_payment
i sent a payment to the wrong account number - can that transaction be reversed? i am worried about accidentally giving my money away.,4,cancel_transfer
"i just got a new card, and i want to know how to activate.",0,activate_my_card
please explain why my payment was declined? i thought everything was good.,12,declined_card_payment
how do i get my money back for something i bought?,21,request_refund
i tried activating my plug-in and it didn't piece of work,0,activate_my_card
i cannot make a transfer to another account.,3,beneficiary_not_allowed
what does it mean when a payment is pending?,16,pending_card_payment
i've changed my mind on an item. how do i get a refund?,21,request_refund
what is this fee for transferring money?,26,transfer_fee_charged
could you please recommend what i should do if my card keeps getting declined? i planned to top-up today but i am unable to get it to work. i need a fast solution to this problem.,23,top_up_failed
my card is showing the same transaction over and over again.,25,transaction_charged_twice
i have not received a refund.,20,Refund_not_showing_up
i entered the correct pin but i still couldnt get funds.,13,declined_cash_withdrawal
card refund is not showing up in my statement.,20,Refund_not_showing_up
why did you revert my top up?,24,top_up_reverted
"i am calling because the atm didn't give me the right amount of cash, but my app shows the actual amount i wanted to withdraw. what should i do to get my money back?",28,wrong_amount_of_cash_received
top up did not work on the app.,23,top_up_failed
why isn't the recipient seeing the transaction? i just sent the money.,27,transfer_not_received_by_recipient
"i made a transfer and according to the receiver ""they haven't received the right amount"" its lesser than it should be.now i have to transfer more money to make up for the missing amount . can you please help me about this,what should be done",26,transfer_fee_charged
i placed a cash deposit in my account but i can't see it yet.,2,balance_not_updated_after_cheque_or_cash_deposit
what do i do if the exchange rate was wrong for the item i bought overseas?,9,card_payment_wrong_exchange_rate
under what condition will my payment revert?,22,reverted_card_payment?
i was unable to activate my card.,0,activate_my_card
it's been some time since refilled the top-up.,18,pending_top_up
i am confused why there is cash i did not accept in my account,11,cash_withdrawal_not_recognised
after going over my transactions for the last couple of months i noticed a pretty large charge that i know i did not make. i know it's been a while but can i still dispute this charge?,14,direct_debit_payment_not_recognised
i am still waiting for a transfer to show up,19,pending_transfer
please explain the charge of 1l in error. i have purchased nothing in this amount.,15,extra_charge_on_statement
my transfer to a beneficiary was rejected.,3,beneficiary_not_allowed
how can i check how much free spending i have left? i have some big purchases coming up and want to know where i can look for any info.,7,card_payment_fee_charged
i need to cancel my recent transfer. i made a mistake. please help quickly before the transfer goes through.,4,cancel_transfer
"i have made a payment by my card, and its still pending since a long time. could you please tell me when it will process.",16,pending_card_payment
why is this fee being charged to me after using my card?,7,card_payment_fee_charged
i think i was double charged,25,transaction_charged_twice
i would like my refund for this item i bought.,21,request_refund
"it seems i've suddenly been charged for my recent atm cash withdrawal. what's up with that? i though withdrawals are free, you never charged me so far!",10,cash_withdrawal_charge
i'm suddenly getting an error while attempting a transfer that it isn't possible. why? i've done it before.,3,beneficiary_not_allowed
i need to know what's going on. i was under the impression you offered cryto top up which doesn't seem to be working and money has just vanished from my account.,24,top_up_reverted
if i have a credit card with you how i get set up to link to it?,6,card_linking
why is it i am charged an extra fee when i use the atm?,10,cash_withdrawal_charge
why isn't my refund showing up in my statement?,20,Refund_not_showing_up
i could not access my money at the atm,13,declined_cash_withdrawal
the bank charged me fees for withdrawing cash!,10,cash_withdrawal_charge
the cash withdrawal i took seems to be off. the exchange rate is wrong.,29,wrong_exchange_rate_for_cash_withdrawal
i tried using my credit card with top up but it didn't work! i thought it was supposed to?,23,top_up_failed
why can i not take out cash?,13,declined_cash_withdrawal
do i need a photo id to activate a my new card?,0,activate_my_card
explain the extra fee on my card when paying.,7,card_payment_fee_charged
why is my balance the same after a transfer?,1,balance_not_updated_after_bank_transfer
i tried to transfer cryptocurrency into my account but was denied,3,beneficiary_not_allowed
i bought an item then noticed the exchange rate was wrong.,9,card_payment_wrong_exchange_rate
i already got my item but just got my money back,22,reverted_card_payment?
why hasn't my top up gone through?,18,pending_top_up
"hello. please, would you tell me if you have or have not received funds for a refund that i recently requested for a big purchase? i've contacted the merchant, but i can't tell that they have taken any action on it.",20,Refund_not_showing_up
"hi, i am unable to use my card in atm. i had tried my card in two atms but both atms declined it. could you please check my account?",13,declined_cash_withdrawal
i have been waiting over a week. is the card still coming?,5,card_arrival
how can i make my card show up in the app?,6,card_linking
the atm won't let me take out cash,13,declined_cash_withdrawal
i am worried that too much time has gone by for a transfer to be completed.,27,transfer_not_received_by_recipient
i did a transfer and i was charged a fee that shouldn't be there!,26,transfer_fee_charged
i think i was wrongly charged in a recent transaction when i used my card.,7,card_payment_fee_charged
what is the length of a transaction completion?,27,transfer_not_received_by_recipient
why hasn't my balance been updated? i've deposited a few cheques some days ago!,2,balance_not_updated_after_cheque_or_cash_deposit
how long before transferred money shows up?,1,balance_not_updated_after_bank_transfer
i haven't received the cash from the check i deposited.,2,balance_not_updated_after_cheque_or_cash_deposit
the atm didn't give me the amount i asked for,28,wrong_amount_of_cash_received
"i made a bank transfer earlier from my uk account. i don't see it yet, can you check the status?",1,balance_not_updated_after_bank_transfer
the amount of cash i requested to withdrawal did not match what i received when exchanged,29,wrong_exchange_rate_for_cash_withdrawal
i was spending cash with my card and got a fee.,7,card_payment_fee_charged
why have i been charged twice?,25,transaction_charged_twice
when will my transfer clear,19,pending_transfer
i transferred some money but it hasn't arrived.,27,transfer_not_received_by_recipient
i tried to get cash in the atm but it was not approved,13,declined_cash_withdrawal
i think someone stole money from my card,11,cash_withdrawal_not_recognised
where is my new card?,5,card_arrival
"the atm charged me an extra fee, why?",10,cash_withdrawal_charge
what do i do if i completed a money transfer but the recipient hasn't received it?,27,transfer_not_received_by_recipient
i didn't make this payment and it's on my app,8,card_payment_not_recognised
can i get money in my home currency at some atm ? as i am on holiday and bit concerned because i do not have any cash with me . is it possible to withdraw without any additional cost.,29,wrong_exchange_rate_for_cash_withdrawal
"there seems to be an additional charge of £1 on my statement, what is the reason for this?",15,extra_charge_on_statement
why is a payment i made reverted back to my account?,22,reverted_card_payment?
i have an unknown charge.,14,direct_debit_payment_not_recognised
who do i talk to for transactions debited twice?,25,transaction_charged_twice
my card payment's cancelled,22,reverted_card_payment?
"about two days ago now, i made a transfer from france but it hasn't arrived yet. is it possible that the international transfer just takes longer?",1,balance_not_updated_after_bank_transfer
why does my transfer keep generating an error message?,3,beneficiary_not_allowed
there is some odd 1£ charge that appears as pending on my statement. what's that about? pretty sure i haven't purchased anything for a pound there.,15,extra_charge_on_statement
how do i link the new card that i just got from you guys?,6,card_linking
what is this cash withdrawal i don't recognize?,11,cash_withdrawal_not_recognised
"why did i not get all the money that i asked for? i asked for all the cash in my my account, but i only got about half. why is that??",28,wrong_amount_of_cash_received
hello i have a uk account. can you please check if everything is alright with it? i made a transfer a couple hours ago but it doesn't show up yet.,1,balance_not_updated_after_bank_transfer
why is there a payment showing twice?,25,transaction_charged_twice
i believe that the rate of exchange for my cash withdrawl is incorrect.,29,wrong_exchange_rate_for_cash_withdrawal
please explain why my top-up didn't go through.,23,top_up_failed
when will i be able to see the refund,20,Refund_not_showing_up
my payment was rejected,12,declined_card_payment
"i received the wrong color and size, can i return it?",21,request_refund
i do not know what this cash withdrawal is,11,cash_withdrawal_not_recognised
my app is showing a cash balance that i did not receive.,11,cash_withdrawal_not_recognised
how long will my transfer be pending?,19,pending_transfer
i would like to cancel my previous purchase.,21,request_refund
why did using an atm cause me to have an extra fee charged?,10,cash_withdrawal_charge
tell me how to get a refund for something i bought.,21,request_refund
can you tell me when the transfer will be completed?,19,pending_transfer
i can't access my money. is it because somethings wrong with the top-up? i set it up correctly.,23,top_up_failed
how long will it take for my transfer to arrive?,27,transfer_not_received_by_recipient
can i put my old card back in the app?,6,card_linking
help me link my card,6,card_linking
i made a purchase but never expected to see a fee charged for the transaction.,7,card_payment_fee_charged
it's been a week since you issued me a card and i still didn't get it. should i keep waiting?,5,card_arrival
i am still waiting for a money transfer to appear.,19,pending_transfer
i paid with my card and was charged extra,7,card_payment_fee_charged
how does my statement get updated so i know when a refund will reflect on my balance,20,Refund_not_showing_up
why hasn't my cheque processed?,2,balance_not_updated_after_cheque_or_cash_deposit
how long after i receive my statement can i dispute payments on it?,14,direct_debit_payment_not_recognised
why has my beneficiary been denied?,3,beneficiary_not_allowed
"my top-up was supposed to be done, but now the money is gone! is there a glitch in your system?",24,top_up_reverted
why did i get charged when getting cash?,10,cash_withdrawal_charge
i would like to dispute a direct debit transaction,14,direct_debit_payment_not_recognised
"i traded some of my money from my native country into an atm to exchange for foreign currency, and the money i received was a different equating amount!",29,wrong_exchange_rate_for_cash_withdrawal
how much do i have to pay if i want to transfer money?,26,transfer_fee_charged
my exchange rate isn't correct.,9,card_payment_wrong_exchange_rate
will you be able to activate my card,0,activate_my_card
i need to find out why my pending payment hasn't gone through.,16,pending_card_payment
why was my transfer stopped ?,3,beneficiary_not_allowed
what is the extra fee that was added when i used the card?,7,card_payment_fee_charged
do you have a tracking number for the card i was sent?,5,card_arrival
what if my top up doesn't go through?,18,pending_top_up
why has my money disappeared? i topped up earlier and seen it was there and had went through. what seems to be the problem?,24,top_up_reverted
"i tried to get money out of the notting hill atm earlier, but wasn't able to. is my card working okay? it's the first time i tried using it.",13,declined_cash_withdrawal
"if the atm only gave me 10 pounds instead of the 30 i requested, what do i do?",28,wrong_amount_of_cash_received
"i recently deposited some money into my account, but it still isn't showing up. what's going on?",2,balance_not_updated_after_cheque_or_cash_deposit
i withdrew cash and was charged. why?,10,cash_withdrawal_charge
why was i charged a fee to transfer money?,26,transfer_fee_charged
why wasn't my payment accepted by the app,22,reverted_card_payment?
is the cash withdrawal going to show?,17,pending_cash_withdrawal
i was issued a new card a week ago but still haven't received it. how long will it be until i receive it?,5,card_arrival
my top-up has not posted.,18,pending_top_up
"i've been waiting since friday, where is my money?",27,transfer_not_received_by_recipient
"i couldn't transfer money to my bank, why not?",3,beneficiary_not_allowed
how long does it actually take for a card payment to go through? there's one stuck since a couple of days already that doesn't seem to move,16,pending_card_payment
"my card was declined and i did not receive money from the atm earlier, yet it show on my account that it is pending.",17,pending_cash_withdrawal
i thought that transfers are free. why was i charged an extra fee?,26,transfer_fee_charged
what reasons could cause my top up to be reverted,24,top_up_reverted
i requested for a top-up but it has not reflected,23,top_up_failed
why isn't my topup working?,23,top_up_failed
i was mistakenly charged a fee for using my card.,7,card_payment_fee_charged
"i made a transfer and the receiver did not get the right amount its lesser than what it should be,now i have to transfer more money to make up for the missing amount . can you please help me about this, what should be done",26,transfer_fee_charged
why am i not seeing the check i deposited this morning in my account?,2,balance_not_updated_after_cheque_or_cash_deposit
why am i being charged for the same thing twice?,25,transaction_charged_twice
i am having to wait for my transfer to be fully processed. it seems to be taking a very long time in the pending phase. what is the normal turn around time that i can expect to see it completed?,19,pending_transfer
why is there are there two of the same transaction?,25,transaction_charged_twice
i believe my top up was reverted.,24,top_up_reverted
i need to change a transfer.,4,cancel_transfer
the rate applied to my foreign currency at an atm was incorrect.,29,wrong_exchange_rate_for_cash_withdrawal
why did the funds not transfer to another recipient?,27,transfer_not_received_by_recipient
can you tell me why my card isn't letting me make purchases online? it's been 2 weeks i've been trying.,22,reverted_card_payment?
"i just went through a old statement and noticed that a very large payment went through and i did not make it. it was from a few months ago, can i still dispute the payment?",14,direct_debit_payment_not_recognised
"i draw out money from your atm during holidays, and was charged insanely. i wouldn't have done it, if i had a little sense about the shocking charges.",29,wrong_exchange_rate_for_cash_withdrawal
i was checking my account when i saw a $500 cash withdraw that i know i didn't do. i have my card so i don't understand how this happened. please help me.,11,cash_withdrawal_not_recognised
why am i being charge a fee when using an atm?,10,cash_withdrawal_charge
i have a pending payment on my card. why?,16,pending_card_payment
"so i've been using my account frequently to manage payments for my vacation house in a different country, and now i'm getting hit with ridiculously high fees! what's with that? ought not i be rewarded as a frequent user?",26,transfer_fee_charged
do you know why my card payment has been declined?,12,declined_card_payment
would i be able to refund an item?,21,request_refund
i got my card a few days ago but am unable to top up. i'm thinking about closing my account because of this. what is going on?,23,top_up_failed
tell me why there is a charge on my cash withdrawl.,10,cash_withdrawal_charge
help! i made a transfer in error and need to cancel it before it's complete!,4,cancel_transfer
why would the atm machine fail to give me the cash withdrawal i requested?,13,declined_cash_withdrawal
why is the exchange rate on my card payment different than i expected?,9,card_payment_wrong_exchange_rate
can i link your physical card,6,card_linking
it is listed in my app that i made a payment which i did not actually make,8,card_payment_not_recognised
i can't see all the refunds in my statement,20,Refund_not_showing_up
i paid with card and i was charged a fee,7,card_payment_fee_charged
it's not letting me transfer money to my beneficiery.,3,beneficiary_not_allowed
i attempted to withdraw some money from an atm this morning and received the wrong amount. your app says i have enough money available in the account. can someone tell me what's wrong?,28,wrong_amount_of_cash_received
i was just contacted by a seller that let me know they didn't get my money even though i'm very sure it was removed from my account. now it's back in my account. get this resolved quickly.,22,reverted_card_payment?
i refilled my account balance but got an error message.,24,top_up_reverted
"hi, it's urgent, please freeze my card. as someone has withdrawn money using my card in odd remote town. since i have not done this withdrawal. do it fast.",11,cash_withdrawal_not_recognised
why would a merchant refuse a payment,22,reverted_card_payment?
how do i query a payment on my card? it looks like i have paid for the same thing twice.,25,transaction_charged_twice
i did not get enough cash,28,wrong_amount_of_cash_received
"i submitted a cheque couple of days ago, nothing happened to my account yet.what could be the possible issue?",2,balance_not_updated_after_cheque_or_cash_deposit
how long does it take to recieve my new card?,5,card_arrival
the exchange rate looks wrong on a holiday purchase,9,card_payment_wrong_exchange_rate
there's a card payment with a name i don't recognize,8,card_payment_not_recognised
why is my cash withdrawal still showing as pending?,17,pending_cash_withdrawal
i ordered something online a while ago and i haven't gotten it. i would like a refund.,21,request_refund
"when i received my money, it was not in the correct amount. the exchange rate was not what it should have been.",29,wrong_exchange_rate_for_cash_withdrawal
where can i check to see if there will be a fee added to my payment? are there specific instances that will result in a fee added?,7,card_payment_fee_charged
"is my card working? it's the first time i tried using it i tried to get money out of an atm, but got nothing.",13,declined_cash_withdrawal
"hi, i'm trying to transfer money from one country to another, but it's taking a long time! all the account information is right, so why is it taking so long?",19,pending_transfer
the machine gave me the wrong amount of cash.,28,wrong_amount_of_cash_received
has my top-up been cancelled?,24,top_up_reverted
why couldn't i get cash from an atm?,13,declined_cash_withdrawal
there is a weird payment in my statement.,8,card_payment_not_recognised
is it possible to have an item refunded?,21,request_refund
i have been waiting for my top-up to complete and it still hasn't gone through.,18,pending_top_up
can i get money back in my home currency at atm? as i am on holiday and bit concerned because i do not have any cash with me . is it possible to withdraw without any additional cost.,29,wrong_exchange_rate_for_cash_withdrawal
why is there an extra fee charged?,15,extra_charge_on_statement
"i tried to top-up, why didn't it work?",23,top_up_failed
i have just read my statement and there is a payment i don't recognise.,8,card_payment_not_recognised
hi - i have made a transaction to my new landlord but unfortunately it shows on my end but not on the landlord's end. the numbers are correct. can you confirm when that will go through?,27,transfer_not_received_by_recipient
i received my card. how do i link it to the app?,6,card_linking
there is a duplicate payment on my card. why?,25,transaction_charged_twice
i have a payment that has not gone through yet,16,pending_card_payment
how do you figure out the exchange rate? can you explain why i got less money than expected?,29,wrong_exchange_rate_for_cash_withdrawal
please sort your top up! my top up has been pending for an hour already. can you please make it go through as soon as possible. i really need the money.,18,pending_top_up
my transfer is stuck pending? how do we fix it to it goes through?,19,pending_transfer
why are the things i bought earlier today still showing as pending?,16,pending_card_payment
i have a pending top-up,18,pending_top_up
why is this payment pending?,16,pending_card_payment
"i found my card in my jacket this morning, so can i reactivate it?",6,card_linking
payment did not process,3,beneficiary_not_allowed
why was i charged extra using my card?,7,card_payment_fee_charged
what if my top up is reverted?,24,top_up_reverted
what happens with the duplicate charge in my account?,25,transaction_charged_twice
it looks like the exchange rates on my card payment are wrong,9,card_payment_wrong_exchange_rate
my transfer hasn't appeared yet,19,pending_transfer
"everything seems fine with my account, so why did it decline my payment?",12,declined_card_payment
why hasn't the money transfer arrived yet?,27,transfer_not_received_by_recipient
can you check if my money has reached my account since it is not showing up yet?,1,balance_not_updated_after_bank_transfer
"on a card payment, why is there a fee?",7,card_payment_fee_charged
i transferred money but the recipient does not see the funds in their account?,27,transfer_not_received_by_recipient
"there are a couple payments with my card shown in the app that i really didn't make myself. what's going on with this, does someone has access to my card?!",8,card_payment_not_recognised
can i cancel an order if i haven't received the item yet? and how can i get my money back? please help. thanks.,21,request_refund
i have a duplicate payment on my card.,25,transaction_charged_twice
there is a withdrawal waiting.,17,pending_cash_withdrawal
why is the payment from my card still pending?,16,pending_card_payment
i didn't receive the correct amount of cash when i exchanged it overseas.,29,wrong_exchange_rate_for_cash_withdrawal
"extra fees on a cash withdrawal, not cool.",10,cash_withdrawal_charge
how long do bank transfers take to clear,1,balance_not_updated_after_bank_transfer
how long does it take for a new purchase to stop being considered pending?,16,pending_card_payment
could you please tell me why my purchases from this morning say payment is pending?,16,pending_card_payment
will i get extra charges?,26,transfer_fee_charged
my payment has been returned.,22,reverted_card_payment?
"my top-up does not seem to have worked, what went wrong?",23,top_up_failed
what do i need to do to link my new card for my account?,6,card_linking
i need a refund. this is not what i wanted.,21,request_refund
i tried to withdraw money but was told i didn't have funds,13,declined_cash_withdrawal
whats the reason for my payment being declined? it looked like everything went through ok and my account was good.,12,declined_card_payment
when i topped up the app reverted it.,24,top_up_reverted
my cash deposit from a week ago is still not in my account. can you help me please?,2,balance_not_updated_after_cheque_or_cash_deposit
i'm checking the app and i see a payment that's not mine.,8,card_payment_not_recognised
how can i cancel my transfer?,4,cancel_transfer
there's a $200 withdrawal on my statement that seems fishy to me.,11,cash_withdrawal_not_recognised
in the app i see a payment that is not mine.,8,card_payment_not_recognised
a transaction shows duplicate times.,25,transaction_charged_twice
i did a money transaction and dont have a receipt,27,transfer_not_received_by_recipient
the recipient can not locate funds.,27,transfer_not_received_by_recipient
why isn't the transferred money there?,1,balance_not_updated_after_bank_transfer
how come a fee was charged when i tranferred money,26,transfer_fee_charged
can i track the card that was just sent to me?,5,card_arrival
my statement is showing i was charged a dollar and i am not sure why.,15,extra_charge_on_statement
"i still haven't received my card after two weeks, is it lost?",5,card_arrival
why did i get charged a fee for transferring money?,26,transfer_fee_charged
why is my transfer still pending?,19,pending_transfer
there has been a payment in the app that has not be done by me.,8,card_payment_not_recognised
i got less cash than what i specified at the atm.,28,wrong_amount_of_cash_received
"when i went to get cash, it was declined!",13,declined_cash_withdrawal
"this morning i wanted to make a withdrawal before work, but my card was declined! please double check it for me as this is the first time it was declined.",13,declined_cash_withdrawal
i got a strange cash withdrawal in my statement,11,cash_withdrawal_not_recognised
what is the refund process?,21,request_refund
i need to cancel my recent transfer quickly since i made a mistake. please help before it goes through.,4,cancel_transfer
"hello, i have recharged topup but account is not credited. please help me in this, i guess there is some defect in system.",24,top_up_reverted
why is it taking so long to update my balance transfer?,1,balance_not_updated_after_bank_transfer
"i got less than what i asked for in the atm, why?",28,wrong_amount_of_cash_received
i'm not able to activate my card how do i fix this problem?,0,activate_my_card
tell me why i was charged more with my card?,7,card_payment_fee_charged
"this is frustrating, i'm at work and my transfers are not going through. i keep getting an error message, i do not have time for this.",3,beneficiary_not_allowed
"i need your help to get a refund for an item i just bought, can you cancel the payment since what i bought hasn't arrived yet.",21,request_refund
am i charged a fee to transfer funds?,26,transfer_fee_charged
"after reviewing my charges, i see i was charged a fee for a transfer i did, why?",26,transfer_fee_charged
how long does it take for a top-up?,18,pending_top_up
my purchase from this morning still is pending.,16,pending_card_payment
there is a payment on my card that i do not recognize.,8,card_payment_not_recognised
a fee came along with me paying with card,7,card_payment_fee_charged
i could not transfer funds to a beneficiary; is there a problem with your software?,3,beneficiary_not_allowed
my account says i have money but i withdrew it in cash.,17,pending_cash_withdrawal
help me activate my new card.,0,activate_my_card
why was an extra charge added when i used my card?,7,card_payment_fee_charged
i messed up and made a transaction using the wrong account.,4,cancel_transfer
i'm noticing a payment/purchase at a company that i don't recognise.,8,card_payment_not_recognised
help me figure out how to link the new card.,6,card_linking
"i made a rent payment from the wrong account yesterday. it absolutely has to go through tomorrow, so can you please reroute the payment to the right account?",4,cancel_transfer
i'm not sure why the card payment didn't work.,12,declined_card_payment
"i requested a refund from a seller a while ago, but when i check my statements it doesn't show up. can you help me get my refund.",20,Refund_not_showing_up
was my transaction reverted with my card?,22,reverted_card_payment?
my cash received does not match what has been requested,28,wrong_amount_of_cash_received
what happened to my top-up? i think it was cancelled.,24,top_up_reverted
i want a refund,21,request_refund
the amount of money i pushed at the atm machine did not come out of the machine.,28,wrong_amount_of_cash_received
"how long do tranfers from a uk account usuallt take for you? i just made a transfer and nothing shows up, so just wondering if things went ok",1,balance_not_updated_after_bank_transfer
my card is showing multiple charges for the same items on my recent statement. i was wondering what actions of needed to take to fix this issue,25,transaction_charged_twice
i got a €1 extra fee in my statement,15,extra_charge_on_statement
"there are a couple payments with my card shown in the app that i really didn't make myself. what's happenning with this, does someone has access to my card?!",8,card_payment_not_recognised
where to check top ups pending?,18,pending_top_up
my account balance has not updated to reflect my recent transfer.,1,balance_not_updated_after_bank_transfer
i got a message that my transfer is not possible. what is happening? i need this to go through please.,3,beneficiary_not_allowed
how long will the transfer take?,19,pending_transfer
why is a transfer to a beneficiary not possible?,3,beneficiary_not_allowed
"when i was traveling abroad, the exchange rate was applied wrong.",9,card_payment_wrong_exchange_rate
i asked for a refund but its not here yet,20,Refund_not_showing_up
i'm not sure why my card didn't work,12,declined_card_payment
i am angry that i got charged for using my card.,7,card_payment_fee_charged
who should i contact if my refund doesn't go through?,20,Refund_not_showing_up
i noticed the exchange rate for cash withdrawal isn't right.,29,wrong_exchange_rate_for_cash_withdrawal
what was i charged a fee for card payment?,7,card_payment_fee_charged
why am i being double charged for something?,25,transaction_charged_twice
how can i get cash back? the atm just gave me the wrong amount that i've been actually charged though...,28,wrong_amount_of_cash_received
"i put in money for vacation and its not showing. i need that money today, how long will it take",19,pending_transfer
i got an cancellation error when i was topping up.,24,top_up_reverted
seems like my card payment has been cancelled,22,reverted_card_payment?
"my order hasn't shown up yet, what can i do?",21,request_refund
what is this charge i didnt do it what can i do,14,direct_debit_payment_not_recognised
i am having a huge problem with my card being declined and it's really important that i top-up today. would you please look into this further and let me know how i can get this fixed?,23,top_up_failed
why hasn't my top-up finished pending yet?,18,pending_top_up
why was i charged for making a withdrawal? after i went grocery shopping i withdrew some money from my account and now there is another charge.,10,cash_withdrawal_charge
top-up is loaded into the card and no update.,18,pending_top_up
"please double check my card - withdrawal was working fine so far, but this morning on the way to work it suddenly got declined!",13,declined_cash_withdrawal
i visited the atm but got less money than what i requested. why?,28,wrong_amount_of_cash_received
i believe my card has been compromised as there's a cash withdrawal i don't recognize.,11,cash_withdrawal_not_recognised
"do you charge for cash withdrawals? i want to get my hands on my own money and you appear to be charging me for the pleasure! why is this, you'd never get this with my high street bank!",10,cash_withdrawal_charge
the transfer to my beneficiary has not gone through,3,beneficiary_not_allowed
i want to find out what happened to my new card?,5,card_arrival
"when i received my cash, the exchange rate was wrong.",29,wrong_exchange_rate_for_cash_withdrawal
my credit card got declined for top up! what's going on? can you check on why it didn't go through?,23,top_up_failed
tell me why my balance did not change when i tranferred cash.,1,balance_not_updated_after_bank_transfer
my card payment won't work.,12,declined_card_payment
i noticed a duplicate charge on my statement.,25,transaction_charged_twice
i made a transfer and the person i transferred the money to didn't receive the right amount? why did this happen and how do i get the rest of the money to them?,26,transfer_fee_charged
my top-up is taking a very long time to complete.,18,pending_top_up
i am waiting on the refund,20,Refund_not_showing_up
"a transaction i did to my friend hasn't arrived yet, why?",27,transfer_not_received_by_recipient
when will my transfer process?,1,balance_not_updated_after_bank_transfer
i see a direct debit payment on my app that i did not do,14,direct_debit_payment_not_recognised
what is going on? i have checked over and over and the details of my account are right. why is my transfer still pending? it's 2018 not 1818. transfering money to another country can't be that hard.,19,pending_transfer
"i made a payment with my card and was charged a fee, why would you do that",7,card_payment_fee_charged
please help to explain to me why my new card was declined when i tried to use it at my grocery store this morning to pay for the items i needed. i tried three times to use it and it kept being declined. i was very embarrassed standing there trying to buy my groceries.,12,declined_card_payment
the cash i got at the atm is still in my account.,17,pending_cash_withdrawal
"i transferred a payment a couple days ago and it shows done, but it has not been received. could you please help me?",27,transfer_not_received_by_recipient
i bought an item at the wrong exchange rate.,9,card_payment_wrong_exchange_rate
i don't recognise a direct debit payment,14,direct_debit_payment_not_recognised
"is something wrong with my account, my balance didn't change after i transferred some money",1,balance_not_updated_after_bank_transfer
my wallet was taken and i see that someone is using my card! please help me!,11,cash_withdrawal_not_recognised
"a strange card payment, i do not recognize it.",8,card_payment_not_recognised
"it's been over a month and i still haven't received my goods! i ordered a pencil for crying out loud, it's not that hard to deliver that! i'm done with these people, give me a refund immediately! i'll search for my japanese exclusive pencil elsewhere!",21,request_refund
the exchange rate was wrong in the foreign country i got cash in.,29,wrong_exchange_rate_for_cash_withdrawal
why am i being charged again?,25,transaction_charged_twice
"how come my top-up didn't go through instantly, like it usually does?",18,pending_top_up
i don't recognize this withdrawal on my statement,11,cash_withdrawal_not_recognised
can you help me process a refund?,21,request_refund
is it possible to get a refund for the item?,21,request_refund
what do i do to link my new card?,6,card_linking
why are my purchases from this morning still pending?,16,pending_card_payment
are the funds i requested from a merchant a few days ago in my account? i do not see them.,20,Refund_not_showing_up
i haven't seen the cash yet from the cheque i deposited.,2,balance_not_updated_after_cheque_or_cash_deposit
what is your policy on withdrawing cash from an atm? there is a fee on my account that wasn't there before i paid for my groceries.,10,cash_withdrawal_charge
i just got my card and cannot get it to work.,0,activate_my_card
"there was just a withdrawal but it wasn't me, i've never even visited the town where the withdrawal happened.",11,cash_withdrawal_not_recognised
"how can i get my money back on an order. i haven't gotten the item yet, so i want to cancel the order. how?",21,request_refund
when are you going to activate my card?,0,activate_my_card
there's a cash withdrawal that didn't make that is showing up.,11,cash_withdrawal_not_recognised
"hello, in these holidays i have been overcharged on the amount i have withdrawn on one of your atms. i did not had any clue about the horrible charges otherwise i would not have withdrawn.",29,wrong_exchange_rate_for_cash_withdrawal
"i've been waiting for 3 days, why is my withdrawal still pending?",17,pending_cash_withdrawal
i just made a top-up but it shows as pending! i use your service all the time and have never had a problem before. why does it keep showing up as pending?,18,pending_top_up
why did i get charged one pound seemingly randomly?,15,extra_charge_on_statement
i deposited cash into my account and i'm having trouble seeing it on my account.,2,balance_not_updated_after_cheque_or_cash_deposit
"hi, i had an issue with my card payment and it shows on my account that my payment went through. then i got contacted from the seller saying ""they did not receive my payment"" then the payment was returned to my account. so i would like to see why it did that please.",22,reverted_card_payment?
"hi, i tried to top up my card today and it did not work. i have tried it in the past and it worked just fine but it won't do it anymore. can you help me out?",23,top_up_failed
i need to cancel a transfer,4,cancel_transfer
i was charged extra. was the exchange rate for my payment last saturday wrong?,9,card_payment_wrong_exchange_rate
how long will a cash withdrawal be pending?,17,pending_cash_withdrawal
i had trouble with an incorrect rate being applied when using the atm with foreign currency.,29,wrong_exchange_rate_for_cash_withdrawal
is there a cash withdrawal fee? because i just got charged?,10,cash_withdrawal_charge
"i think i was charged twice, please help!",25,transaction_charged_twice
how come my refund hasn't appeared on my statement?,20,Refund_not_showing_up
"i need you to stop the transfer i just started as soon as possible, i just realized it's not correct!",4,cancel_transfer
why didnt a transfer to my account process,3,beneficiary_not_allowed
i used the wrong account number!,4,cancel_transfer
"i've used my account frequently over the last month to manage my payments from abroad for my new place. i noticed that my fees have suddenly increased. as a frequent customer, shouldn't i be rewarded rather than suddenly being subject to a new fee?",26,transfer_fee_charged
i have a strange transaction on my account which appears to pertain to a cash withdrawal i made outside nandos in leeds. what is that for? is it fraud?,10,cash_withdrawal_charge
can you tell me why i haven't received my new card yet?,5,card_arrival
the atm wouldn't give out cash,13,declined_cash_withdrawal
what is the reason that my top-up is still pending?,18,pending_top_up
"i made a transfer and according to the receiver ""they haven't received the right amount"" its lesser than it should be.now i have to transfer more money to make up for the missing amount . can you please help me about this, what should be done ?",26,transfer_fee_charged
i couldnt get cash in an atm,13,declined_cash_withdrawal
can you please assist on my item that needs to be refunded?,21,request_refund
i need someone to find out where my money has gone to? it has disappeared. i completed a top up earlier and seen it had went through. since it has now disappeared i need to know what's going on.,24,top_up_reverted
the atm didn't give me enough money! i asked for more than it gave. what do i do?,28,wrong_amount_of_cash_received
i need help with some transactions in my account that i dont recognize or remember purchasing. im not sure if the name is just different or what. should my card be put on hold while the issue gets figured out to be safe or is it ok?,8,card_payment_not_recognised
my exchange seems to have something wrong with it. i changed over russian ruble to uk pounds and it appears i was charged way more than i was supposed to be.,9,card_payment_wrong_exchange_rate
is it possible to link a new card?,6,card_linking
why are you keeping my money from me by declining my card? what is going on?,23,top_up_failed
i just realized i made the wrong transaction yesterday. would you please make it correct?i need it by tomorrow.,4,cancel_transfer
my account is showing a double charge.,25,transaction_charged_twice
"i am using the app, and i see cash withdrawals that i did not authorize.",11,cash_withdrawal_not_recognised
"hello, there seems to be a billing mistake associated with my account. my app was charged $1 more than it should have. could you please explain why this may have happened?",15,extra_charge_on_statement
"i need to refund my item, can you please help?",21,request_refund
my top-up is still pending,18,pending_top_up
why did my card payment not work?,12,declined_card_payment
what are the steps to activate my card?,0,activate_my_card
i did a card payment but its status is still coming as pending. please check and inform when it would complete.,16,pending_card_payment
hey there's a fee for a transfer on my account. why?!,26,transfer_fee_charged
what is the meaning of a pending payment?,16,pending_card_payment
"i can't see if the transfer i did a couple days ago is in my account yet. i double checked my info before sending, too. can you check this?",27,transfer_not_received_by_recipient
what is the reason for my card payment to be reverted?,22,reverted_card_payment?
i did a cash deposit to my account but it doesn't show up,2,balance_not_updated_after_cheque_or_cash_deposit
i've been waiting for a top up to come through for over an hour and i need the funds now.,18,pending_top_up
does it cost anything to buy something from another country? like is there going to be hidden transfer fees or currency conversion fees?,26,transfer_fee_charged
why haven't i gotten my payment yet?,16,pending_card_payment
"i'm going on holiday to france for 6 weeks with my family and the cat, fluffy. i just purchased €10,000 from a currency exchange to ensure we don't run short but there appears to be a fee. what is this for?",7,card_payment_fee_charged
is there a fee associated with using foreign exchange atms?,29,wrong_exchange_rate_for_cash_withdrawal
can you tell me why a cheque deposit isn't showing in my balance?,2,balance_not_updated_after_cheque_or_cash_deposit
someone might have access to my card! there are some strange payments showing up on my account. what do i do?,8,card_payment_not_recognised
there was an extra fee on my account when i got cash.,10,cash_withdrawal_charge
i have a new card. how do i activate it?,0,activate_my_card
someone else used my card to withdraw cash from an atm,11,cash_withdrawal_not_recognised
please help me figure out the reason for the odd withdrawal amount from my account?,11,cash_withdrawal_not_recognised
i used my card to make a payment and wondered why the payment was reverted?,22,reverted_card_payment?
"on my last trip, i received the incorrect exchange rate.",29,wrong_exchange_rate_for_cash_withdrawal
i did all that was asked of me and i am rather frustrated. i don't understand why you just won't credit me my money back. i have contacted the seller and nothing has been done. it's been a week!,20,Refund_not_showing_up
my top-up didn't go through,23,top_up_failed
the app shows a withdrawal that i did not make or authorize.,11,cash_withdrawal_not_recognised
are you ripping people off with the exchange rate? it can't be that atrocious between banks.,9,card_payment_wrong_exchange_rate
the atm shows a withdraw of the amount of money i requested but i didn't revieve that amount in cash.,28,wrong_amount_of_cash_received
someone else charged my card!,14,direct_debit_payment_not_recognised
the atm wouldn't allow me to withdraw money,13,declined_cash_withdrawal
"i have tried to submit a transfer a couple of times now, and for some reason, it continues to be unsuccessful. do you know why this may be?",3,beneficiary_not_allowed
what's the deal? money has just disappeared out of my account. i thought you offered crypto top up and it doesn't seem to working.,24,top_up_reverted
i topped up but the app denied it,23,top_up_failed
the transfer to my account was not allowed.,3,beneficiary_not_allowed
where is the tracking number for the card?,5,card_arrival
"there is a pending transaction on my account, what does this mean?",16,pending_card_payment
why did my payment not go through why did it cancel?,22,reverted_card_payment?
i did a transfer but its still pending,19,pending_transfer
my top up is pending still,18,pending_top_up
i need help. i updated my balance with a check yesterday and im not seeing it. can you look at my account to see what went wrong?,2,balance_not_updated_after_cheque_or_cash_deposit
"there are multiple instances where you added a fee to the payment, as well as some where you didn't. do you have an outline of when a fee will be added?",7,card_payment_fee_charged
can you look into why my most recent top-up is showing as pending? i thought it was supposed to be instantaneous.,18,pending_top_up
this exchange rate on my purchase is wrong.,9,card_payment_wrong_exchange_rate
"i have used my card online before and wasn't charged, why am i charged now",7,card_payment_fee_charged
i am interested in cancelling a purchase,21,request_refund
i just did a money transaction but its not showing they received it,27,transfer_not_received_by_recipient
a shop i go to didn't let me pay.,12,declined_card_payment
i have an unusual payment in my statement,8,card_payment_not_recognised
please explain why the funds i added were returned to my account.,24,top_up_reverted
why would a merchant revert my payment?,22,reverted_card_payment?
how come i was declined,13,declined_cash_withdrawal
why is the transfer showing pending?,19,pending_transfer
there was a direct debit i don't recognize.,14,direct_debit_payment_not_recognised
hi i'm waiting for a refund for an item i bought. i have contacted the merchant directly but had nothing back. can you tell me whether or not you are able to refund me for the item?,20,Refund_not_showing_up
the recipient doesn't see the money transaction i made,27,transfer_not_received_by_recipient
i want to link my new card. can you help?,6,card_linking
help! in the app there is a payment that i don't remember.,8,card_payment_not_recognised
what happens if a merchant doesn't accept you payment?,22,reverted_card_payment?
i am quite aggravated that i ordered online almost a month ago and i never got my package and i paid for it. i would really appreciate it if i could get a full refund back now.,21,request_refund
can you explain why the atm is giving me less money than what i asked for?,28,wrong_amount_of_cash_received
why was my cash withdrawal declined by the atm?,13,declined_cash_withdrawal
i think i was charged by mistake on my debit statement.,14,direct_debit_payment_not_recognised
i am inquiring about why there was an extra fee charged when i used an atm.,10,cash_withdrawal_charge
how long will my transfer stay pending?,19,pending_transfer
when will my cheque be processed?,2,balance_not_updated_after_cheque_or_cash_deposit
in the app i see a direct debit that i don't recognize.,14,direct_debit_payment_not_recognised
is there a way to get around fees,7,card_payment_fee_charged
"my account shows i have been charged twice for the same meal. how do i get the second payment voided and returned to me? i do not eat out much and my family is living paycheck to paycheck, mostly. i cannot afford to spend more money than necessary, as is, so i must see to it that the cost be promptly credited back onto my card.",25,transaction_charged_twice
can i track the card you sent to me?,5,card_arrival
"even though i added money ey to the card, i couldn't use it",18,pending_top_up
what should i do if my card payment was cancelled?,22,reverted_card_payment?
why is my card payment still pending? it should have gone through already.,16,pending_card_payment
why is there a pending hold on one pound on my statement?,15,extra_charge_on_statement
what do i need for activation of my card?,0,activate_my_card
"i withdrew money from an atm today, and now my account is showing a different amount than what i withdrew. i checked the amount the atm gave me, and it looks like it gave me the wrong amount of money. what is the best thin for me to do to get this fixed?",28,wrong_amount_of_cash_received
a payment in my account was made by someone i don't know,8,card_payment_not_recognised
you advertise no fee when paying with a card then my statement shows a fee.,7,card_payment_fee_charged
is the 1 pound charge i can see an error or an incorrect entry?,15,extra_charge_on_statement
"good day, in reviewing my credit card activity over the last several days, i see a repeated charge for a restaurant that i went to. the charge was put through twice, so i would like one of the charges corrected and the amount that was withdrawn to be reinstated please.",25,transaction_charged_twice
i purchased something abroad and the incorrect exchange rate was applied.,9,card_payment_wrong_exchange_rate
i wasn't able to withdraw money at an atm,13,declined_cash_withdrawal
why isn't a refund showing on my statement?,20,Refund_not_showing_up
i've got charges on my account i did not authorize. can i get this money back from the last couple of days that it's been coming out? i also need to freeze my card.,8,card_payment_not_recognised
i can't see my refund in my history.,20,Refund_not_showing_up
"i just pulled money out of the atm and was charged a fee, why?",10,cash_withdrawal_charge
there is a transaction showing in my app that i did not make as i have not used that card all day. please reimburse this amount to my account.,14,direct_debit_payment_not_recognised
my card is not able to be activated how do i get it to work?,0,activate_my_card
what is the fee on my statement for?,15,extra_charge_on_statement
where is my missing cheque i deposited?,2,balance_not_updated_after_cheque_or_cash_deposit
the exchange rate on my payment was wrong,9,card_payment_wrong_exchange_rate
how come my money hasn't shown up yet?,27,transfer_not_received_by_recipient
my payment was declined,12,declined_card_payment
my transaction went through but i was charged a fee. why?,26,transfer_fee_charged
"i asked for a certain amount of money from the atm, but it gave me a different amount. less than what i asked for.",28,wrong_amount_of_cash_received
i didn't know there was a charge for tranferring. what is the charge?,26,transfer_fee_charged
i didn't receive the correct amount of cash,28,wrong_amount_of_cash_received
there's a cash withdrawal i didn't make,11,cash_withdrawal_not_recognised
why did it cost money to transfer funds?,26,transfer_fee_charged
why is there a charge when i took out money?,10,cash_withdrawal_charge
there is a payment that i made that hasn't gone through yet.,16,pending_card_payment
i have a direct debit on my records that is strange and i need help.,14,direct_debit_payment_not_recognised
i should not have been charged a fee for cash withdrawal.,10,cash_withdrawal_charge
i see a direct debit charge that i did not approve,14,direct_debit_payment_not_recognised
how can i tell if my top-up has been cancelled?,24,top_up_reverted
help! my card isn't working at the atm and i know i used the right pin. trying to get my money.,13,declined_cash_withdrawal
the applied exchange rate is wrong for the cash i got abroad.,29,wrong_exchange_rate_for_cash_withdrawal
cash i did not get showed up in my account,11,cash_withdrawal_not_recognised
"okay, i found my card, can i put it back in the app?",6,card_linking
there was some money taken from my account that i don't remember paying for. am i able to look up this transaction which was a few weeks ago to see who took out the money? im not sure i need a refund just want to check to make sure it's legit.,14,direct_debit_payment_not_recognised
i bought something this morning and the payment is still pending,16,pending_card_payment
reasons for top up cancellation.,24,top_up_reverted
"hi, last week i have contacted the seller for a refund as directed by you, but i have not received the money yet. please look into this issue with seller and help me in getting the refund.",20,Refund_not_showing_up
i didn't set up a direct debit payment on my account.,14,direct_debit_payment_not_recognised
why won't my top up go through?,24,top_up_reverted
there's a payment in the app that i didn't authorize.,8,card_payment_not_recognised
how can i transfer money to a beneficiary?,3,beneficiary_not_allowed
beneficiary transfer problems?,3,beneficiary_not_allowed
i just realized i made the wrong transaction yesterday. would you please make it correct?i need it by tomorrow please.,4,cancel_transfer
what is going on with it saying my card payment was declined?,12,declined_card_payment
i wasn't applied the correct exchange rate when getting cash,29,wrong_exchange_rate_for_cash_withdrawal
i made a transfer from france a couple days ago and don't see the transaction yet. how long does an international transfer take?,1,balance_not_updated_after_bank_transfer
"i deposited a cheque, but my account balance stayed the same.",2,balance_not_updated_after_cheque_or_cash_deposit
please delete the duplicate payment that was made to my account. one payment is still pending and i do not want to pay twice.,25,transaction_charged_twice
i'm a new customer and tried topping up today for the first time. it's still pending and doesn't seem to be working. i need to get this fixed.,18,pending_top_up
i don't think the exchange rate was right.,29,wrong_exchange_rate_for_cash_withdrawal
i made a mistake and performed a transaction on the wrong account!,4,cancel_transfer
"i'm hoping you can answer my question about a pending transfer that i've had for a while now. i know that all of the account details are correct, so why is it taking so long to go through?",19,pending_transfer
why am i charged whenever i withdraw cash?,10,cash_withdrawal_charge
i want to start using my card.,0,activate_my_card
i need to actuate my card.,0,activate_my_card
when will a cash withdrawal show up?,17,pending_cash_withdrawal
what does it mean if my payment was reverted?,22,reverted_card_payment?
i think my top-up has failed.,23,top_up_failed
"when i withdrew money from my account the other day, i noticed that there was a fee. i didn't think that there were any fees for withdrawals...? how much will i be charged?",10,cash_withdrawal_charge
i think the bank made a mistake on the exchange rates,29,wrong_exchange_rate_for_cash_withdrawal
i have been charged an extra pound!,15,extra_charge_on_statement
why is the exchange rate so high? this should have been a much higher amount of cash for that to apply.,29,wrong_exchange_rate_for_cash_withdrawal
where do i scan my card?,6,card_linking
this exchange rate you use is awful! please tell me this is a mistake and not the official interbank exchange rate!,9,card_payment_wrong_exchange_rate
my card payment was reverted,22,reverted_card_payment?
why is my app showing me taking money that i did not take out?,11,cash_withdrawal_not_recognised
do i have a $1 extra fee on the statement?,15,extra_charge_on_statement
"hae, i already completed my 3d secure authentication when i tried the crypto top up but it's still not working for me. i also don't understand what happened to the money in my account",24,top_up_reverted
can you help me? i have a duplicate transaction on my account and i don't understand why.,25,transaction_charged_twice
i noticed that i got charged extra for using the card.,7,card_payment_fee_charged
i did a bank transfer and my balance isn't current.,1,balance_not_updated_after_bank_transfer
i deposited a cheque but i don't see the funds in my account.,2,balance_not_updated_after_cheque_or_cash_deposit
there is random cash in my account.,11,cash_withdrawal_not_recognised
when will the balance on my account change form a transfer,1,balance_not_updated_after_bank_transfer
earlier today i took money out the atm. after checking the app the amount is so much higher than the amount i received.,28,wrong_amount_of_cash_received
"i did a bank transfer to top up, but the money is not available.",23,top_up_failed
is there a fee for a cash withdrawal?,10,cash_withdrawal_charge
it's been some time ago that i placed an order and it just isn't coming. at this point just give me back my money because i'm not paying them.,21,request_refund
why can't i withdraw cash?,13,declined_cash_withdrawal
problems with my top up,23,top_up_failed
i could not get my card to work at a shop.,12,declined_card_payment
"hey i am standing in front of an atm here, it only gave me 10 pounds even though i wanted to withdraw 30! seems like the app has 30 pounds, what do i do??",28,wrong_amount_of_cash_received
the money i transferred didnt arrive,27,transfer_not_received_by_recipient
"after a transfer, i see an extra fee. why?",26,transfer_fee_charged
what is this fee debit on my account?,15,extra_charge_on_statement
machines make mistakes too! the atm gave me the wrong amount of money. too much!,28,wrong_amount_of_cash_received
i made a transfer the day before yesterday within this country. it is still not showing up at all. i have double-checked and the account number is certainly right. i've actually type this multiple times. can you look into what is going on here?,27,transfer_not_received_by_recipient
i haven't used my card all day but there is a payment showing in the app. please cancel it!,14,direct_debit_payment_not_recognised
there is a payment showing that i know i didn't make. i didn't use my card that day and i'm sure of it. can you please cancel that transaction and return my money? thankyou,14,direct_debit_payment_not_recognised
i have a trasnger that is pending and wondered about it.,19,pending_transfer
it kept my cash,28,wrong_amount_of_cash_received
can i activate a card in the app?,6,card_linking
it didn't give me my cash,28,wrong_amount_of_cash_received
i used this account a lot during the last month to manage my payments for my new place abroad. seems that suddenly fees have increased? shouldn't you instead reward your frequent customers instead of putting an additional fee suddenly?!,26,transfer_fee_charged
my credit card transaction was declined for a loan payment. can you tell me why?,23,top_up_failed
i got some cash in the atm but its still pending,17,pending_cash_withdrawal
i think the exchange rate for the cash i withdrew was wrong.,29,wrong_exchange_rate_for_cash_withdrawal
i do not know where the transaction is.,27,transfer_not_received_by_recipient
the card payment didn't work,22,reverted_card_payment?
when should i receive my refund,20,Refund_not_showing_up
"i requested a refund from a merchant several days ago, but don't see anything showing up in my account yet. can you check on your end to see if the money has reached you guys?",20,Refund_not_showing_up
why has my card declined,12,declined_card_payment
i'm not sure where this charge came from.,8,card_payment_not_recognised
pending transaction?,16,pending_card_payment
why didn't the money i transferred into my account get added to my balance?,1,balance_not_updated_after_bank_transfer
my transfer is pending too long.,1,balance_not_updated_after_bank_transfer
when i got cash i was charged an extra fee! explain!,10,cash_withdrawal_charge
i tried taking out 30 pounds from the atm just now and it only gave me 10. why would it do that? i need the 30 pounds now!,28,wrong_amount_of_cash_received
"my card has not been delivered yet and its been a week since i ordered it, please help",5,card_arrival
why hasn't the transaction i did arrive yet?,27,transfer_not_received_by_recipient
my card is not working at stores.,12,declined_card_payment
please could you give me a refund,21,request_refund
there is a payment with my card which i definitely did not do.,8,card_payment_not_recognised
somebody is taking money out of my account without my approval in another town separate from me. please place a freeze on my account until i can make it to the bank.,11,cash_withdrawal_not_recognised
my card payment wasn't accepted.,12,declined_card_payment
why am i being charged for transfers? are they not free?,26,transfer_fee_charged
"can i get money in my home currency at some atm? i'm on holiday and am a bit concerned because i don't have any cash with me, it is possible to withdraw here already without any additional cost?",29,wrong_exchange_rate_for_cash_withdrawal
"my card has an issue, the payment has been deferred.",22,reverted_card_payment?
how do i link a new card in the app?,6,card_linking
how long to uk transfers usually take? i made a transfer but it didn't pop up in my history yet. i just want to make sure it went through.,1,balance_not_updated_after_bank_transfer
i tried to use the atm with foreign currency. the conversion rate applied was wrong.,29,wrong_exchange_rate_for_cash_withdrawal
i did not get the cash that is showing up in my app.,11,cash_withdrawal_not_recognised
i don't recognize the direct debit payment from the app.,14,direct_debit_payment_not_recognised
i would like to dispute a payment i didnt make,14,direct_debit_payment_not_recognised
how do i report a cash withdrawal that wasn't me?,11,cash_withdrawal_not_recognised
i did not receive the correct amount for the exchange rate.,9,card_payment_wrong_exchange_rate
how do i know if my top up worked?,23,top_up_failed
i did not make this payment that i see in the app.,8,card_payment_not_recognised
why do i have a transaction showing up more than once?,25,transaction_charged_twice
"how long do transfers take, mine just says pending?",19,pending_transfer
my money transaction can't be seen by the person i sent it to,27,transfer_not_received_by_recipient
"i stupidly initiated a rent payment from the wrong account yesterday. it can't be paid from that account, but it really needs to get paid on time. am i able to move the payment to the right account?",4,cancel_transfer
"if my cash withdrawal is still not showing, is something wrong?",17,pending_cash_withdrawal
i see a payment on my statement for a place i didn't make a purchase at.,8,card_payment_not_recognised
"my transfer went through, but it seems to be caught up in a pending status. this was very important that it got done quickly, can you give me a status update on how long it will take?",19,pending_transfer
why was a payment i made reverted?,22,reverted_card_payment?
am i allowed to transfer money to a beneficiary?,3,beneficiary_not_allowed
"do any of your machines provide cash from my home country? i don't have any money on me and i'm on holiday so i'm concerned. also, will i be charged anything to do this?",29,wrong_exchange_rate_for_cash_withdrawal
why hasn't my money transfer shown up yet?,1,balance_not_updated_after_bank_transfer
what is the longest that a payment will show pending? there is one showing that has been sitting there a few days.,16,pending_card_payment
are there charges for cash withdrawals?,10,cash_withdrawal_charge
why wasn't my bank balance updated?,1,balance_not_updated_after_bank_transfer
"i already made a transfer and want to cancel it, how do i do that?",4,cancel_transfer
the cash i wanted wasn't there.,28,wrong_amount_of_cash_received
why has my top-up been reverted?,24,top_up_reverted
i made a payment with my card and it hasn't changed. how long do you think this will take?,16,pending_card_payment
why is my purchase showing as pending?,16,pending_card_payment
why is my transfer more expensive than i thought?,26,transfer_fee_charged
why did i get charged extra?,7,card_payment_fee_charged
"i just saw the exchange rate you use, but it's so bad that i can't believe that it's the official interbank exchange rate! is this truly the official interbank exchange rate?",9,card_payment_wrong_exchange_rate
why is my top-up pending?,18,pending_top_up
i bought something that i need a refund for.,21,request_refund
where is the money i put in the bank?,2,balance_not_updated_after_cheque_or_cash_deposit
i hope you can help me. someone has stolen my wallet and now i have noticed that they have been taking money from my account.,11,cash_withdrawal_not_recognised
"i've got a weird problem: i purchased something a week or maybe it was two weeks ago, and the funds have come back into my account! can you explain this?",22,reverted_card_payment?
i have a payment which has not been approved.,16,pending_card_payment
there is a repeat charge for the same item,25,transaction_charged_twice
"i decided i no long want something that i ordered, and want a refund. how do i go about doing that?",21,request_refund
why am i being charged for atm fees?,10,cash_withdrawal_charge
what's your refund policy if i bought an item from you?,21,request_refund
there's a payment in my history i don't recognize,8,card_payment_not_recognised
why is my cash deposit not in my account?,2,balance_not_updated_after_cheque_or_cash_deposit
why wont the atm give me cash?,13,declined_cash_withdrawal
how can we correct a mistake on an atm transaction? the app shows what i should have gotten.,28,wrong_amount_of_cash_received
why has my payment been reversed?,22,reverted_card_payment?
"i tried to withdraw cash, but got declined!",13,declined_cash_withdrawal
"i am seeing in the app, some cash witdhrawals that i did not authorize.",11,cash_withdrawal_not_recognised
my card appears to have never arrived?,5,card_arrival
i don't know what this direct debit payment on my account is for.,14,direct_debit_payment_not_recognised
there is a single payment on my card which shows as pending.,16,pending_card_payment
"i have one of your cards, but i don't know how to link it.",6,card_linking
cash has been deposited this morning but it hasn't came through.,2,balance_not_updated_after_cheque_or_cash_deposit
when did i get a $1 extra fee on my statement?,15,extra_charge_on_statement
i have noticed that my account was double charged for a couple of items this week. please review and refund the double charged items back.,25,transaction_charged_twice
when i received my cash; they had my exchange rate incorrect.,29,wrong_exchange_rate_for_cash_withdrawal
why did i get a $1 extra fee on the statement?,15,extra_charge_on_statement
the wrong exchange rate was used when i purchased an item.,9,card_payment_wrong_exchange_rate
i ordered my card but it hasn't been delivered yet,5,card_arrival
my transfer to a beneficiary did not go through. why?,3,beneficiary_not_allowed
why hasn't my transaction completed?,27,transfer_not_received_by_recipient
i don't need to transfer anymore and i want to cancel it.,4,cancel_transfer
why did i only get $20 now the full amount i wanted?,28,wrong_amount_of_cash_received
to cash withdrawals charge me?,10,cash_withdrawal_charge
how do i go about linking a new card?,6,card_linking
i disagree with a charge,8,card_payment_not_recognised
do you know the reason why my card payment was declined?,12,declined_card_payment
can you tell me why my pop-up is still pending?,18,pending_top_up
i just initiated a transfer but i'd like to cancel it.,4,cancel_transfer
how can i track card you sent,5,card_arrival
there is a direct debit set up that i didn't create.,14,direct_debit_payment_not_recognised
i want to cancel a purchase,21,request_refund
i want to have an item refunded can i do that?,21,request_refund
why was i charged for cash withdrawal?,10,cash_withdrawal_charge
"i put cash in my account, but i don't see it.",2,balance_not_updated_after_cheque_or_cash_deposit
why did i get a fee for getting cash?,10,cash_withdrawal_charge
why is the fee for taking money out so high? i feel i was overcharged and i would have never used this atm if i would have known ahead of time.,29,wrong_exchange_rate_for_cash_withdrawal
my balance was not updated with my checque or cash deposit.,2,balance_not_updated_after_cheque_or_cash_deposit
i need to figure out who has access to my card there are some payments i didn't make that are showing on the app. could you please help?,8,card_payment_not_recognised
hello i changed my mind and really need a refund on one of things i bought recently. can you please cancel the transaction and get me my money back. pls it's urgent,21,request_refund
i don't understand why my card payment is pending. it has been pending for too long. why is this and when might it go through?,16,pending_card_payment
"i wrote a check to the account yesterday to add to my balance, but i don't see the amount of the check reflected anywhere. is it being held up for some reason? i should have seen a new balance by now!",2,balance_not_updated_after_cheque_or_cash_deposit
i need to transfer to my account and cant.,3,beneficiary_not_allowed
i need to know if everything is okay here. after making a transfer from a uk account it doesn't show up. how long does this normally take to process?,1,balance_not_updated_after_bank_transfer
im trying to top up my card but it's still pending and it's been an hour. is there any way to make it go through faster? do i not have enough?,18,pending_top_up
my app shows cash i didn't get.,11,cash_withdrawal_not_recognised
why can't i use my beneficiary?,3,beneficiary_not_allowed
"i think a card payment i made was cancelled, can you check?",22,reverted_card_payment?
i would like to know why a withdraw i made for some cash shows up as pending.,17,pending_cash_withdrawal
"i need a card reactivation, i had reported my card lost but i ran across it in my jacket.",6,card_linking
my top up has failed,23,top_up_failed
"i wanted to transfer money to another account, but now i don't have to so i'd like to cancel said transfer. how can i do that?",4,cancel_transfer
what is the reason for the extra fee on my statement?,15,extra_charge_on_statement
i think you reverted my top up.,24,top_up_reverted
i haven't received my cash yet.,28,wrong_amount_of_cash_received
why hasn't the transaction i did to my friend arrived yet?,27,transfer_not_received_by_recipient
"hi, i have transferred money but beneficiary's account is credited with less amount. now i have transfer the difference of the amount. i think there is some issue, could you please look into this.",26,transfer_fee_charged
why didn't my transfer get to the recipient?,27,transfer_not_received_by_recipient
i recently deposited a cheque and cannot find the cash from it.,2,balance_not_updated_after_cheque_or_cash_deposit
"i have not received my card and it's been a week, what do i do?",5,card_arrival
why do i have a pending payment?,16,pending_card_payment
why is my refund not visible on my statement?,20,Refund_not_showing_up
why did the atm give me less money than what i requested?,28,wrong_amount_of_cash_received
i got charged a service fee on my account. can it be waived since i didn't know about it before?,7,card_payment_fee_charged
where do i go to get my new card linked?,6,card_linking
i have been trying to exchange this for crypto but the app won't work could you please help me?,3,beneficiary_not_allowed
i am still waiting for a the cash i deposited this morning,2,balance_not_updated_after_cheque_or_cash_deposit
why is the pending status on my cash withdrawal taking so long?,17,pending_cash_withdrawal
my card hasn't shown up yet.,5,card_arrival
why have i not gotten my new card?,5,card_arrival
my account says a withdrawal is pending - why can't i take cash out of the atm?,17,pending_cash_withdrawal
i do not know what this charge is for,14,direct_debit_payment_not_recognised
i did a transfer and was charged a fee that i shouldn't have been!,26,transfer_fee_charged
what is wrong with my top-up?,18,pending_top_up
you charged me more than once for the same transaction!,25,transaction_charged_twice
where is the cash deposit i made?,2,balance_not_updated_after_cheque_or_cash_deposit
my accounts been charged a payment for something i didn't make.,14,direct_debit_payment_not_recognised
"i made a purchase this morning, and it is showing as pending.",16,pending_card_payment
what is the fee for a cash withdrawal?,10,cash_withdrawal_charge
why have i been charged a small fee to use my card?,7,card_payment_fee_charged
where is the transfer to my account?,1,balance_not_updated_after_bank_transfer
is there a reason there's an extra fee on my statement?,15,extra_charge_on_statement
explain the activation method for this card,0,activate_my_card
the cheque i sent to you to have deposited a couple days ago has not cleared in my account yet. what is the issue?,2,balance_not_updated_after_cheque_or_cash_deposit
i need to stop a transaction that i made.,4,cancel_transfer
"how long does it take for transfers to process? i sent funds to a friend, and she says that she has not yet received anything.",27,transfer_not_received_by_recipient
my withdrawal from the atm was cancelled.,13,declined_cash_withdrawal
the atm is messed up. it gave me less than i wanted.,28,wrong_amount_of_cash_received
i made the incorrect payment for my rent yesterday and this needs to be fixed by no later than tomorrow. how can you help?,4,cancel_transfer
how can my new card be activated?,0,activate_my_card
is there a reason i was charged an extra fee for using the atm?,10,cash_withdrawal_charge
my card shows a cash withdrawal i don't recognize.,11,cash_withdrawal_not_recognised
how long is a transfer in the pending status?,19,pending_transfer
the atm wouldn't let me have my money.,13,declined_cash_withdrawal
i was getting some cash out of the atm but it cancelled on me without warning.,13,declined_cash_withdrawal
why did the atm cancel my transaction,13,declined_cash_withdrawal
there is a pending transaction on my account for when i tried to get money from the atm earlier and it did not work. can you fix this?,17,pending_cash_withdrawal
balance is not up to date.,1,balance_not_updated_after_bank_transfer
i can't see the transfer that i put in.,1,balance_not_updated_after_bank_transfer
"i tried to add a topup to my account but the money isn't there, anymore. did i do something wrong?",24,top_up_reverted
"hi, i was checking my old statements and found a discrepancy with a large amount transaction. i am sure it was not done by me. please let me know if i could raise a dispute as its very late.",14,direct_debit_payment_not_recognised
cash withdrawal was incorrect at atm.,28,wrong_amount_of_cash_received
what's up with the extra fee i got?,10,cash_withdrawal_charge
i did not ask for the amount of cash that i received.,28,wrong_amount_of_cash_received
why was the exchange rate so wrong when i bought something!,9,card_payment_wrong_exchange_rate
i have a cash withdrawal that i do not recognise.,11,cash_withdrawal_not_recognised
i need to know where this charge is coming from?,8,card_payment_not_recognised
do you charge for making a withdrawal? i took some money out of my account earlier and i was charged for this.,10,cash_withdrawal_charge
"if i ordered my new card last week, how much longer should i wait to receive it?",5,card_arrival
"um, my top up didn't work",23,top_up_failed
i believe i got a wrong exchange rate when i got cash.,29,wrong_exchange_rate_for_cash_withdrawal
how long does it take to get a refund on something i bought?,21,request_refund
i didn't get the correct amount of money from the atm machine,28,wrong_amount_of_cash_received
i made a cash deposit and the balance wasn't updated.,2,balance_not_updated_after_cheque_or_cash_deposit
i bought something on line a and the seller hasn't received the money i sent could you please tell me how long an eu transfer takes?,19,pending_transfer
i was supposed to get a refund but it is not showing up on my card,20,Refund_not_showing_up
i attempted to deposit a cheque yesterday but the balance isn't showing today. is it still pending?,2,balance_not_updated_after_cheque_or_cash_deposit
i wanted to know why i got an additional fee when i use my card.,7,card_payment_fee_charged
when will my transfer finish pending?,19,pending_transfer
i made a transfer and was charged extra. why?,26,transfer_fee_charged
how long until a cash withdrawal will show on my account,17,pending_cash_withdrawal
"when i got cash, the exchange rate applied was wrong.",29,wrong_exchange_rate_for_cash_withdrawal
"i've been waiting a while for my card, is there a way to know when it will arrive?",5,card_arrival
"i needed cash today, so i used another provider's atm, and when i attempted to withdraw, it declined. i just checked it out and i'm still showing my account with that amount pending! i didn't take any money out, it was declined, so i don't want that to be processed as a withdrawal.",17,pending_cash_withdrawal
why did i not get the amount i specified at the atm?,28,wrong_amount_of_cash_received
who charged my card,26,transfer_fee_charged
i am still waiting for a transfer i did,1,balance_not_updated_after_bank_transfer
my atm withdrawal is taking forever,17,pending_cash_withdrawal
i have never been charged a card payment fee before. why did this change?,7,card_payment_fee_charged
my new landlord is a lier and is trying to rip me off by saying i've not paid my rent when i have paid my rent. what is going on? they say the money hasn't got to them but i see it going out of my account. can you check that the money went to the right place?,27,transfer_not_received_by_recipient
"i got my card now, how do i make it show up in the app?",6,card_linking
i am still awaiting the money i put into my account this morning.,2,balance_not_updated_after_cheque_or_cash_deposit
i received an extra charge for using the card. why?,7,card_payment_fee_charged
how long will it take for my transfer to stop pending,19,pending_transfer
"i found my card that i thought i had lost, i need to reactive it, please help.",6,card_linking
purchases i did not make are appearing in my bank statement?,14,direct_debit_payment_not_recognised
"card payment is still pending, why is that the case?",16,pending_card_payment
i have been charged an extra fee when buying from your store. why is this?,7,card_payment_fee_charged
i didnt get the correct exchange rate for getting cash,29,wrong_exchange_rate_for_cash_withdrawal
there is a debit i dont recognize,14,direct_debit_payment_not_recognised
i was charged a fee for a transfer. where did it come from?,26,transfer_fee_charged
the app shows direct debit payments that i didn't make,14,direct_debit_payment_not_recognised
will i be charged for a cash withdrawal?,10,cash_withdrawal_charge
there is a charge i dont recognize,8,card_payment_not_recognised
where do i go for a refund?,21,request_refund
why did my exchange rate change?,29,wrong_exchange_rate_for_cash_withdrawal
how can i cancel a transaction to a wrong account?,4,cancel_transfer
i have duplicate charges for the same transaction,25,transaction_charged_twice
i finished my transfer. i am having an issue with it still pending. it has been a long time and i'm growing impatient,19,pending_transfer
"i made a bank transfer from my uk account today, but it's not showing. can you check status?",1,balance_not_updated_after_bank_transfer
can you tell me why my card payment did not work?,12,declined_card_payment
i've tried several times to make a payment and every time my card is declined? could my card be locked? i don't know what to do.,12,declined_card_payment
the atm didn't give me all my cash,28,wrong_amount_of_cash_received
help! i think someone has made a cash withdrawal with my card!,11,cash_withdrawal_not_recognised
"i needed some cash while abroad, and i'm pretty sure the wrong exchange rate was applied.",29,wrong_exchange_rate_for_cash_withdrawal
i was charged a fee with my cash withdrawal that i shouldn't have been charged.,10,cash_withdrawal_charge
i'm still waiting for a money transfer to show.,19,pending_transfer
i was charged multiple times for one transaction.,25,transaction_charged_twice
"hello, i didn't receive the right amount on my atm transaction, the app shows the correct amount how can we fix this",28,wrong_amount_of_cash_received
what is this extra pound charge for?,15,extra_charge_on_statement
i need my purchase cancelled.,21,request_refund
i have a confusing payment appear on my statement and i don't recognise it!,8,card_payment_not_recognised
there is a direct debit payment on my account that i didn't authorize.,14,direct_debit_payment_not_recognised
can you assist me in activating my card?,0,activate_my_card
i think i have an extra transfer charge.,26,transfer_fee_charged
why hasn't my card arrived yet?,5,card_arrival
why can i not get cash from the atm?,13,declined_cash_withdrawal
what kind of fees will i pay when i transfer?,26,transfer_fee_charged
"how much time do transfers take? i sent money to a friend who needs it fast. it's been hours, and the money has not gone through.",27,transfer_not_received_by_recipient
"there is an unexplained $1 charge on my statement, can you please explain this to me?",15,extra_charge_on_statement
transfers are supposed to be free. i just got a fee tacked on to something i bought abroad. not cool. figure out how to remove it.,26,transfer_fee_charged
there's a cash withdrawal i am certain i did not make,11,cash_withdrawal_not_recognised
im not sure why im being charged an extra fee just for purchasing an item from another country? i paid for the item and the shipping why am i getting charged extra?,26,transfer_fee_charged
"my top up hasn't gone through yet, why?",18,pending_top_up
i was so embarrassed. why didn't my payment clear?,12,declined_card_payment
why was my top-up declined?,24,top_up_reverted
my purchase used the wrong exchange rate,9,card_payment_wrong_exchange_rate
what happens when a beneficiary can't receive my transfer?,3,beneficiary_not_allowed
there was a strange transaction made on my account a couple weeks ago by a seller i don't recognize. may you please check on this transaction for me.,14,direct_debit_payment_not_recognised
a transaction to a friend still hasn't shown up.,27,transfer_not_received_by_recipient
"i need assistance finding out why i am unable to top-up my card, it keeps getting refused. it is extremely imperative i get this resolved quickly.",23,top_up_failed
i would like it if i could get an item refunded,21,request_refund
how do i fix a transaction to the wrong account?,4,cancel_transfer
"i transferred money, but i think i've been charged a fee for it?",26,transfer_fee_charged
"if my top-up didn't transfer, what went wrong?",24,top_up_reverted
no refund showing in my statement.,20,Refund_not_showing_up
i really was trying to complete this exhange. i was trying to purchase some crypto but the app won't allow me to do it. can you tell me what's going on here?,3,beneficiary_not_allowed
"i thought i lost my card but i found it today, so i would like to reactivate it.",6,card_linking
i can't recognise this direct debit payment.,14,direct_debit_payment_not_recognised
i have a direct debit i didn't set up,14,direct_debit_payment_not_recognised
why have i all of a sudden been charged for my atm withdrawal? i thought the withdrawals were free because this is the first time i've ever had this problem.,10,cash_withdrawal_charge
why hasn't my balance been updated from the check deposit i made?,2,balance_not_updated_after_cheque_or_cash_deposit
"i am seeing unathorized transactions in the app, on my account.",11,cash_withdrawal_not_recognised
"i put in a payment a while ago and it has still not cleared and is showing up as ""pending"", how long does it take to clear?",16,pending_card_payment
"for some reason, the money i added was returned.",24,top_up_reverted
"hello, in my most recent atm transaction, i didn't receive nearly as much cash as i thought i would - what is your exchange rate policy?",29,wrong_exchange_rate_for_cash_withdrawal
i have a transaction that shows multiple times.,25,transaction_charged_twice
i had to pay a pound more than i anticipated!,15,extra_charge_on_statement
i don't think i made this payment that is showing up,8,card_payment_not_recognised
i would like to activate my card what do i need to do?,0,activate_my_card
is there something blocking me from making transfers,3,beneficiary_not_allowed
is there a way i can get my card expedited?,5,card_arrival
i got cash abroad and the exchange rate applied is wrong,29,wrong_exchange_rate_for_cash_withdrawal
i was charged twice.,25,transaction_charged_twice
how do i activate and link my new card?,6,card_linking
i need assistance to activate the card on my account.,0,activate_my_card
where in the app do i go to make my new card show up?,6,card_linking
why has my money been returned back to my card.,22,reverted_card_payment?
"would you please check my card. as withdrawal was working fine so far, but this morning suddenly got declined. can you please check the problem?",13,declined_cash_withdrawal
why cant you just refund me instead of a merchant,20,Refund_not_showing_up
a payment i made is for a wrong amount can you help me correct the mistake.,4,cancel_transfer
can you refund my purchase?,21,request_refund
i sent a check into the system but still haven't received the cash yet,2,balance_not_updated_after_cheque_or_cash_deposit
what is this random charge of one pound doing on my account?,15,extra_charge_on_statement
how do i cancel a transfer?,4,cancel_transfer
i have been double charged,25,transaction_charged_twice
there is a top up that has been pending for an hour and i don't know why. i was expecting it immediately and need it now!,18,pending_top_up
does the exchange rate change each day for purchases? there is a different rate on my purchase.,9,card_payment_wrong_exchange_rate
am i able to stop a transfer?,4,cancel_transfer
i didn't withdraw cash but i see that transaction on my app,11,cash_withdrawal_not_recognised
i'm trying to take money from my account but its not letting me. help!,13,declined_cash_withdrawal
why was my card declined?,12,declined_card_payment
"hi, status of one of my card payment is still pending from a while. please let e know how much time it will take to complete.",16,pending_card_payment
"there's a problem - i bought something about a week or two ago but just today the payment somehow came back into my account! i already received the item though, what's going on here?",22,reverted_card_payment?
the exchange rate from my card payment isn't right.,9,card_payment_wrong_exchange_rate
how do i add my new card to the app?,6,card_linking
how long does it take for a pending cash withdrawal?,17,pending_cash_withdrawal
it looks like i was charged twice for a single transaction,25,transaction_charged_twice
i need a refund on a direct debit that shows in the app because i did not make it.,14,direct_debit_payment_not_recognised
"hello, i am a college student who i recently attended my high school reunion at a local restaurant. i paid with my credit card and now my transaction history reflects a second charge of the seemingly same payment. what could be the reason for this? is there any way to have the fraudulent payment credited back onto my card?",25,transaction_charged_twice
i tried pulling out money at the atm and it gave me an incorrect amount back.,28,wrong_amount_of_cash_received
i tried to withdraw 50 pounds but it only gave me 30. where is the rest of my money?,28,wrong_amount_of_cash_received
why am i being charged a fee for using my card? if there is some print out of places that charge me can you please send me that?,7,card_payment_fee_charged
what happens if the atm gives me the wrong amount of money?,28,wrong_amount_of_cash_received
why am i being charged for getting cash?,10,cash_withdrawal_charge
how can my new card be renewed?,0,activate_my_card
why would a transfer to an account not be allowed?,3,beneficiary_not_allowed
help me cancel a transfer.,4,cancel_transfer
my card was declined but it shows as multiple charges?,25,transaction_charged_twice
is there a fee that comes with transfers?,26,transfer_fee_charged
why has my top-up not worked?,23,top_up_failed
i added money through a bank transfer and it is not showing in my balance.,1,balance_not_updated_after_bank_transfer
i did not get the item i ordered. how should i go about this? should i just cancel my order or my payment? please help me.,21,request_refund
"i cannot seem to buy something online with my card? the payment comes back, what's going on?",22,reverted_card_payment?
i was supposed to get a refund but i do not see it on my statement. when is it going to be updated?,20,Refund_not_showing_up
why am i unable to transfer money when i was able to before?,3,beneficiary_not_allowed
it seems that something went wrong with my exchange. i changed russian ruble into uk pounds but have been charged entirely too much!,9,card_payment_wrong_exchange_rate
there is not a refund in my statement.,20,Refund_not_showing_up
i got cash abroad and need to check the exchange rate,29,wrong_exchange_rate_for_cash_withdrawal
my card payment has been pending for a long time now. why is it taking so long to take. it should have already made it through.,16,pending_card_payment
i made a cash withdrawal and was charged a fee incorrectly can you help with this?,10,cash_withdrawal_charge
my card failed to work when i was shopping in a store,12,declined_card_payment
i tried activating my card and it didn't work,0,activate_my_card
why was there a fee on my cash withdrawal?,10,cash_withdrawal_charge
please help me regarding a direct debit in the app that i don't recognize.,14,direct_debit_payment_not_recognised
i don't know if i made this payment on my card.,8,card_payment_not_recognised
how long will it take for the cash i deposited this morning to show up?,2,balance_not_updated_after_cheque_or_cash_deposit
how long does it take for my payment to process?,16,pending_card_payment
i was charged too many times for one transaction.,25,transaction_charged_twice
is it free to transfer money or is there a fee?,26,transfer_fee_charged
my card did not work at store.,12,declined_card_payment
i can't get the atm to give me any cash,13,declined_cash_withdrawal
i returned something to a store but can't see my refund.,20,Refund_not_showing_up
why isn't my pending transfer finished?,19,pending_transfer
i need to cancel a purchase?,21,request_refund
"hi, i am unable to see transaction in my account which i made couples of hours ago from my uk account. please help me in this.",1,balance_not_updated_after_bank_transfer
why hasn't arrived yet a transaction i did to my friend?,27,transfer_not_received_by_recipient
i was charged an extra dollar on my account and would like to know the reason.,15,extra_charge_on_statement
"i double checked that i have the correct account details already, they're right for sure. transfer is still pending since forever. it should not have been done so.",19,pending_transfer
should my top up still be pending?,18,pending_top_up
for some reason i am unable to preform a transfer to a beneficiary.,3,beneficiary_not_allowed
why was i charged an extra fee when paying with card?,7,card_payment_fee_charged
how do i revert a transaction?,4,cancel_transfer
why was my card declined in a shop?,12,declined_card_payment
"hey a seller just contacted me that my money didn't come through. it was definitely deducted from my account, but now it appears it's back with me! sort this out asap please.",22,reverted_card_payment?
"i accidentally entered in my retailers information, what should i do next",27,transfer_not_received_by_recipient
i noticed a charge for a transfer. why is this? is it because i did an international transfer?,26,transfer_fee_charged
"i just took some cash out of a cash machine in heathrow airport because i wanted to buy some new sunglasses for my holiday but you've added a fee to the withdrawal, what is this?",10,cash_withdrawal_charge
why would the app deny my top-up?,23,top_up_failed
i recently made a transfer but i need to cancel it as soon as possible. please let me know when this happens.,4,cancel_transfer
i tried activating my card and it doesn't work how do i solve this problem?,0,activate_my_card
my payment was cancelled,22,reverted_card_payment?
where is my credit card that was to be mailed?,5,card_arrival
there is a fee from a transfer that is not supposed to be here!,26,transfer_fee_charged
i'm pretty sure my top up is still pending.,18,pending_top_up
my top-up didn't work.,23,top_up_failed
i got a message that i cannot name x as a beneficiary.,3,beneficiary_not_allowed
how long do bank transfers usually take?,1,balance_not_updated_after_bank_transfer
can you explain to me why a top up would be reverted?,24,top_up_reverted
i want to revert a transaction i did this morning,4,cancel_transfer
i have been charged twice for the same thing!,25,transaction_charged_twice
this transfer incurred a fee that i don't think is right.,26,transfer_fee_charged
"i was charged for a cash withdrawal, why?",10,cash_withdrawal_charge
what is the time for a transfer?,27,transfer_not_received_by_recipient
i updated by balance with a cheque yesterday but it isn't showing on my account. did something go wrong?,2,balance_not_updated_after_cheque_or_cash_deposit
"according to the app, i got cash from an atm but i haven't made any transactions.",11,cash_withdrawal_not_recognised
i think the exchange rate on my card payment is incorrect.,9,card_payment_wrong_exchange_rate
why did my card get charged twice for a transaction?,25,transaction_charged_twice
i'm expecting a refund but it's no where to be seen,20,Refund_not_showing_up
is a transfer to a beneficiary allowed?,3,beneficiary_not_allowed
when will the money from my bank transfer be available?,1,balance_not_updated_after_bank_transfer
extra charge during transfer,26,transfer_fee_charged
why am i being charged for transferring money?,26,transfer_fee_charged
why is the cash not showing in my account for the check i deposited?,2,balance_not_updated_after_cheque_or_cash_deposit
i purchases several items today. why are they still showing pending?,16,pending_card_payment
i was unable to transfer to another account.,3,beneficiary_not_allowed
why am i being charged certain fees? i noticed a fee after i withdrew some money for groceries earlier today.,10,cash_withdrawal_charge
the exchange rate is wrong from something i got in another country,9,card_payment_wrong_exchange_rate
i was charged multiple times for one purchase,25,transaction_charged_twice
i think i was charged a different exchange rate than what was posted at the time.,29,wrong_exchange_rate_for_cash_withdrawal
why has my card been declined?,12,declined_card_payment
how do a reverse a duplicated charge?,25,transaction_charged_twice
my account balance has not updated since i deposited a cheque recently.,2,balance_not_updated_after_cheque_or_cash_deposit
why can't i transfer money to a beneficiary,3,beneficiary_not_allowed
has my card been lost in delivery?,5,card_arrival
a payment that i didn't make appears in my app.,8,card_payment_not_recognised
i was not given the amount of cash i withdrew,28,wrong_amount_of_cash_received
i noticed that there was an extra charge fee on my account. could you explain to me why?,26,transfer_fee_charged
i just transferred some money. why was i charged a fee?,26,transfer_fee_charged
why am i having trouble withdrawing cash?,13,declined_cash_withdrawal
i used the wrong account.,4,cancel_transfer
what is the refund policy?,21,request_refund
why does my statement have an extra fee?,15,extra_charge_on_statement
i made an online purchase and the order has not shown up. give me my money back.,21,request_refund
i was told i would be getting a refund but i have yet to see it,20,Refund_not_showing_up
my account is new why can i not top up,18,pending_top_up
looks like my top up failed.,23,top_up_failed
what is the process for activating my new card?,0,activate_my_card
how long does it take for a top up to go through,18,pending_top_up
"hi, i used an atm today to take money out of my account, but the amount it gave me is not the amount i requested. what should i do?",28,wrong_amount_of_cash_received
what's the tracking on the card you sent?,5,card_arrival
why has my withdrawal not posted?,17,pending_cash_withdrawal
"i think something is wrong with your top up. i've been waiting a little over an hour for this to go through, can you send it through for me?",18,pending_top_up
why is there a payment i didn't do in my app?,8,card_payment_not_recognised
the first payment i attempted for my card at the store earlier did not process so i had to make a second attempt. the second time it worked. it now appears i was charged twice. after looking at the app i see a pending charge. please remove the pending amount because it is clearly not accurate and was declined.,25,transaction_charged_twice
what's up with the fee for getting cash?,10,cash_withdrawal_charge
"as i double checked that i have the correct account details that i submitted , they're right for sure. transfer is still pending so far.",19,pending_transfer
"i've been waiting for a pending transfer to go through for a while now, and don't see any reason why i've been waiting this long. i know that i have the correct account details, so that isn't the problem.",19,pending_transfer
won't let me top my card up!! who can get it sorted out for me? it's urgent! how do i find out what the problem is with my card and how else to top it up?,23,top_up_failed
why is a transfer to beneficiary not possible?,3,beneficiary_not_allowed
"i sent a cheque to you a few days ago and the deposit has yet to appear in my account. i need this money, what is the problem?",2,balance_not_updated_after_cheque_or_cash_deposit
i would like to cancel a purchase.,21,request_refund
"hello, i believe there has been a mistake made on the exchange rate for my card. could you please check the official interbank exchange rate for me?",9,card_payment_wrong_exchange_rate
"while abroad, i got cash, and the exchange rate applied is wrong.",29,wrong_exchange_rate_for_cash_withdrawal
how do i link a new payment card?,6,card_linking
how long does a check take to show up in the account balance?,2,balance_not_updated_after_cheque_or_cash_deposit
i withdrew cash and was charged,10,cash_withdrawal_charge
the app is showing a direct debit transaction that i did not perform,14,direct_debit_payment_not_recognised
after trying to update my account balance yesterday by cheque it doesn't seem to working. shouldn't the process be quicker? i need my account looked at because there appears to be a problem.,2,balance_not_updated_after_cheque_or_cash_deposit
when i got cash i believe that the exchange rate was wrong,29,wrong_exchange_rate_for_cash_withdrawal
i already have a card and want to link it,6,card_linking
i had to pay one pound more than the set price!,15,extra_charge_on_statement
why is my card payment cancelled?,22,reverted_card_payment?
one of my card payments has reverted,22,reverted_card_payment?
can i reactivate a card?,6,card_linking
money that i have transferred hasn't arrived yet,1,balance_not_updated_after_bank_transfer
how long before i can see that my cash withdrawal has taken place?,17,pending_cash_withdrawal
can i activate my card?,0,activate_my_card
i am still waiting on my bank transfer,1,balance_not_updated_after_bank_transfer
why am i not able to get cash from the atm?,13,declined_cash_withdrawal
why aren't my payment funds available to me?,16,pending_card_payment
can you please explain to me why there is an extra €1 fee in my statement?,15,extra_charge_on_statement
i couldn't complete card activation.,0,activate_my_card
why is there a payment i didn't do?,8,card_payment_not_recognised
can you tell me why i was declined from getting cash?,13,declined_cash_withdrawal
why did my top-up not get approved this time?,24,top_up_reverted
my card rejected a cash withdrawal. why?,13,declined_cash_withdrawal
will the duplicated payment be refunded?,25,transaction_charged_twice
what do i do if i see a transaction on my card that i don't recall making?,8,card_payment_not_recognised
i am travelling and i tried to withdraw cash but didn't get what i was supposed to get.,29,wrong_exchange_rate_for_cash_withdrawal
the exchange rate you are using is bad.this can't be the official interbank exchange rate.,9,card_payment_wrong_exchange_rate
"why did the person i transferred money to not receive the correct amount? what should i do to get them the right amount, do i have to transfer more money to them?",26,transfer_fee_charged
"there's a payment with my card that i definitely didn't do myself, never seen that name before.",8,card_payment_not_recognised
why was my atm withdrawl declined,13,declined_cash_withdrawal
my credit card did not go through. can you see if it has insufficient funds?,23,top_up_failed
there is a duplicate charge on my account.,25,transaction_charged_twice
i made a cash deposit to my account but it is not there,2,balance_not_updated_after_cheque_or_cash_deposit
i swear that there are 2 payments on the app that i didn't make. could my card me stolen? please advise what i should do.,8,card_payment_not_recognised
i topped up about half an hour ago and the charge is still pending. i'm a new customer and today is my first time doing this. can you fix it? it doesn't seem to be working.,18,pending_top_up
i don't understand why you aren't accepting my transfer. after a couple times trying i'm still getting an error message.,3,beneficiary_not_allowed
there are a couple of payments with my card shown in the app that i really didn't make myself. what's going on with this?,8,card_payment_not_recognised
it is extremely important that i cancel the transfer i made yesterday and put the money into a different account. is this possible?,4,cancel_transfer
can you tell me why i was charged $1 for a transaction?,15,extra_charge_on_statement
"please help me with the amount that i have withdrawn from the atm today, the atm has given me wrong sum of amount, and i could see that the app is displaying the greater amount than taken out.",28,wrong_amount_of_cash_received
i tried to top up with my card but it's not working. i had just done this a couple days previously and it worked. can you tell me what's going on here please?,23,top_up_failed
i was given the wrong amount of cash,28,wrong_amount_of_cash_received
why was i declined from getting cash?,13,declined_cash_withdrawal
"my transfer is still pending, why?",19,pending_transfer
why couldn't i make a withdrawal from the atm?,13,declined_cash_withdrawal
i need to cancel a purchase that i made the other day.,21,request_refund
how come i can't get money at the atm,13,declined_cash_withdrawal
"hi, i sent my landlord my rent money a few days ago and while everything seems good on my end he says that he never got the money. i double checked the account number and it's correct. can you help me figure this out?",27,transfer_not_received_by_recipient
can you please tell me why i was charged an extra fee on my transfer?,26,transfer_fee_charged
how long is the wait for a money transfer to post?,19,pending_transfer
the atm machines keep declining my card and i don't know why. i thought i had money in my account. why is this happening?,13,declined_cash_withdrawal
is there a reason why a recipient might not see my money transaction,27,transfer_not_received_by_recipient
is there something wrong with my atm card? tried using it earlier and it did not work.,13,declined_cash_withdrawal
"i purchased something and already received it, why hasn't the money taken out?",22,reverted_card_payment?
"my mother deposited a cheque into my account last week, why is it still not showing up?",2,balance_not_updated_after_cheque_or_cash_deposit
i have been charged way to much so something is apparently wrong with my exchange. i changed russian ruble into uk pounds.,9,card_payment_wrong_exchange_rate
there was an extra charge when i used my card,7,card_payment_fee_charged
how long does a transfer from the uk account usually take? after completing the transfer it is not showing up. i need to know that everything i actually went okay.,1,balance_not_updated_after_bank_transfer
how long does it typically take for a pending atm withdrawal to clear?,17,pending_cash_withdrawal
why does my payment appear as pending?,16,pending_card_payment
why has my top up failed?,23,top_up_failed
i do not think the pop up went through yet.,18,pending_top_up
i did a money transaction and the recipient doesn't see it,27,transfer_not_received_by_recipient
"it seems my card payment was completed twice. i paid at the store previously and the first one did not seem to go through. after a second attempt, it did go through. i now see within the app that i have been charged twice with one of them pending. can you please remove the pending amount because it is clearly something that was declined?",25,transaction_charged_twice
i believe my card payment were reverted,22,reverted_card_payment?
why did my top up get reverted?,24,top_up_reverted
where in the app do i link a new card?,6,card_linking
what do i need to do to request cash back? the atm actually just gave me the wrong amount. the app i actually chose the right amount.,28,wrong_amount_of_cash_received
i need immediate assistance in canceling a transfer which was a mistake. please help me quickly so this does not go through.,4,cancel_transfer
i've been waiting for over an hour for a top up to go through. how long is this supposed to take? i really need this money.,18,pending_top_up
is there a reason why my card was declined when i attempted to withdraw money?,13,declined_cash_withdrawal
"i used my card to make a payment a while ago and its still pending, why is it taking so long?",16,pending_card_payment
i am having trouble withdrawing cash.,13,declined_cash_withdrawal
"it's been two weeks and i haven't gotten my card, what do i do?",5,card_arrival
how long does it take for a transfer to finish pending?,19,pending_transfer
there is a potentially fraudulent direct debit on my account.,14,direct_debit_payment_not_recognised
are transfers not free? i didn't know i would be charged for transfers.,26,transfer_fee_charged
why would i be declined if i had money iin my account,13,declined_cash_withdrawal
could you please tell me how to activate my new card?,0,activate_my_card
was my card payment reverted?,22,reverted_card_payment?
let me know when you charge extra for payments please. i just checked the app earlier when i saw that there was an additional fee on one of the payments that i wasn't warned about before.,7,card_payment_fee_charged
"i bought a product a week ago, but may need to return it.",21,request_refund
why was i charged twice for my item!,25,transaction_charged_twice
what caused my top-up to be returned?,24,top_up_reverted
why hasn't my account updated to reflect my current balance?,1,balance_not_updated_after_bank_transfer
i didn't enjoy my tutor session and want a refund back. how do i go about doing this?,21,request_refund
i see an unfamiliar payment on my statement.,8,card_payment_not_recognised
can i add a card that i just found (again) to the app?,6,card_linking
"i would like to re-activate my card, it was previously reported lost but i found it this morning.",6,card_linking
"i was charged twice for a restaurant, can you take the second charge off?",25,transaction_charged_twice
i'm sure i have enough money so why didn't the store accept my card?,12,declined_card_payment
"i made a cash deposit, but it hasn't shown up in my balance yet.",2,balance_not_updated_after_cheque_or_cash_deposit
why have i received a rebate for my payment after a week?,22,reverted_card_payment?
i did not make a direct debit payment as listed on my app,14,direct_debit_payment_not_recognised
what is this $1 charge on my account?,15,extra_charge_on_statement
"i want to use my card, how would i activate it?",0,activate_my_card
i have cancelled payments to this card.,22,reverted_card_payment?
i made a transaction this morning but i need to revert it now.,4,cancel_transfer
why couldn't i transfer funds to my beneficiary?,3,beneficiary_not_allowed
what was the extra charge for withdrawing money?,10,cash_withdrawal_charge
how long does it take for money to transfer as my balance hasn't been updated,1,balance_not_updated_after_bank_transfer
i transferred some money but the balance stayed the same.,1,balance_not_updated_after_bank_transfer
how can i check if i have received a refund if it is not yet on my statement?,20,Refund_not_showing_up
do i get charged for withdrawals?,10,cash_withdrawal_charge
i need information explaining why my top-up failed to go through,23,top_up_failed
i should not have been charged a fee for my transfer.,26,transfer_fee_charged
i noticed additional charges when transferring?,26,transfer_fee_charged
the wrong exchange rate applied to my cash withdrawal.,29,wrong_exchange_rate_for_cash_withdrawal
why was i charged a fee for using my card,7,card_payment_fee_charged
i could not use my card in a store.,12,declined_card_payment
"i have the cash already, my account still shows up as pending. how can my account be still pending?",17,pending_cash_withdrawal
"i found my card, am i able to put it back into the app?",6,card_linking
is there a reason for my top up to be cancelled?,24,top_up_reverted
"hello. i tried doing a topup and i thought it worked, but now the money is no longer in my account. can you explain?",24,top_up_reverted
"i tried to get money out of an atm in notting hill earlier, but it didn't work. is my card actually working? it's the first time i tried using it",13,declined_cash_withdrawal
i wish to cancel a transfer,4,cancel_transfer
i am still waiting to find out the status of my refund. i have made previous attempts to find out what the status is to no avail. will you please look into this for me?,20,Refund_not_showing_up
i am missing my refund.,20,Refund_not_showing_up
why did i get less from the atm?,28,wrong_amount_of_cash_received
"how long does it take to activate the card, as it does not look like its working?",0,activate_my_card
"i needed money for a night out with the girls but i was declined, why?",13,declined_cash_withdrawal
why can't i transfer to an account?,3,beneficiary_not_allowed
can i get money in my home currency at an atm? i'm on vacation and don't have cash with me. this is cause for a bit of concern. is it possible to withdraw here without additional cost?,29,wrong_exchange_rate_for_cash_withdrawal
why did i get declined when trying to get cash?,13,declined_cash_withdrawal
i'm not seeing my cash deposit showing up in my account.,2,balance_not_updated_after_cheque_or_cash_deposit
what are the exchange rates for getting cash,29,wrong_exchange_rate_for_cash_withdrawal
i made a transfer from france two days ago now but there hasn't made it there yet. do international transfers take longer?,1,balance_not_updated_after_bank_transfer
my new landlord says he hasn't received the rent payment that i transferred a couple days ago. i've already checked the account numbers and they are correct. can you tell me what's going on with this transaction that the transfer isn't showing up on my landlord's end?,27,transfer_not_received_by_recipient
the activation process for my card isn't working.,0,activate_my_card
my card payment has failed.,12,declined_card_payment
why isn't my balance reflecting a transfer i did?,1,balance_not_updated_after_bank_transfer
"in my app, a direct debit payment that i didn't do shows up.",14,direct_debit_payment_not_recognised
"i've obtained the card, how do i enable it on the app?",6,card_linking
what reasons would cause my card payment to be cancelled?,22,reverted_card_payment?
why was i charged twice for the same thing?,25,transaction_charged_twice
i tried to use the atm today but it would not accept my card.,13,declined_cash_withdrawal
is there a problem with my account? when i tried to withdraw cash at an atm i was denied.,13,declined_cash_withdrawal
"it seems like i have been waiting forever for this international transfer. why is it taking so long? c'mon, it's 2018, things happen at a click of a button. all of the account information is correct, so how long will this take?",19,pending_transfer
an extra pound was charged!,15,extra_charge_on_statement
cancel transaction,4,cancel_transfer
my purchases from this morning are showing up as payment pending. can you tell me why?,16,pending_card_payment
the correct amount of cash was not received.,28,wrong_amount_of_cash_received
my transfer still says pending,19,pending_transfer
why won't you accept my payment? i keep trying with this card and it's not working.,12,declined_card_payment
can you tell me why my card payment was cancelled?,22,reverted_card_payment?
why is the atm not allowing me to get cash?,13,declined_cash_withdrawal
i bough an item and the exchange rate was incorrect.,9,card_payment_wrong_exchange_rate
what would ii do if i wanted to activate my new card,0,activate_my_card
why didn't my payment process,16,pending_card_payment
"my card payment is just showing up as pending since forever, what's going on with that, it should be going through at some point?",16,pending_card_payment
i am wondering if international transfers take longer. i a made a transfer from france two days ago and believed it would be here already. please let me know when i will get it!,1,balance_not_updated_after_bank_transfer
"i deposited a cheque with some money, but the balance hasn't changed.",2,balance_not_updated_after_cheque_or_cash_deposit
"i have to transfer money over to my mother, and i have tried numerous times and all that keeps happening is error messages.",3,beneficiary_not_allowed
the exchange rate i was charged for a purchase was not right.,9,card_payment_wrong_exchange_rate
"how long does it take for transfers to be approved? i sent funds to my girlfriend, and she says that she has not seen any approved funds in her account.",27,transfer_not_received_by_recipient
"i was wondering why my payment hasn't gone through yet, its been a while.",16,pending_card_payment
i have a transfer that was approved that i'm urgently waiting for. how long am i supposed to wait for it?,19,pending_transfer
how can i request cash back? the atm just gave me a different amount than what i've been actually charged though...,28,wrong_amount_of_cash_received
i had the wrong exchange rate applied to some cash i got abroad.,29,wrong_exchange_rate_for_cash_withdrawal
why was i charged a fee for my card payment?,7,card_payment_fee_charged
"i normally have no issues making transfers, so why am i suddenly being told it is not possible?",3,beneficiary_not_allowed
"i was under the impression that you offer crypto top up; however, it doesn't appear to be working. the money has now disappeared from my account so i need to know what the deal is?",24,top_up_reverted
can you tell me why my card keeps getting declined every time i try to use it?,12,declined_card_payment
"i did a transfer to my account, but it hasn't shown up",1,balance_not_updated_after_bank_transfer
"i was supposed to receive my new card by now, but it hasn't came in.",5,card_arrival
why is the exchange rate on my card wrong?,9,card_payment_wrong_exchange_rate
why did my payment go back to my account when i bought something?,22,reverted_card_payment?
i think i am a victim of fraud. i noticed there was a charge on my account that i didn't do because i haven't touched my card today. can you please reverse the charge and refund my money?,14,direct_debit_payment_not_recognised
why is there a fee on a card payment?,7,card_payment_fee_charged
"my card was supposed to arrive, but hasn't?",5,card_arrival
there is an extra 1£ charge on my app. why did you charge me extra?,15,extra_charge_on_statement
i returned an item but don't see it on my account?,20,Refund_not_showing_up
a transaction on my card shows as pending.,16,pending_card_payment
i am seeing inside the app a some cash withdrawal that is not mine,11,cash_withdrawal_not_recognised
what is the refund procedure?,21,request_refund
i got charged twice for the same payment. please removed the pending payment. thank you.,25,transaction_charged_twice
there was a limited amount of money available at the time of my transaction.,28,wrong_amount_of_cash_received
why do i have two charges it should only be one charge?,25,transaction_charged_twice
if i make a mistake can i cancel the transaction?,4,cancel_transfer
i really need to top-up my card today urgently but my card keeps getting declined!! can you please help me with this problem or let me know if you have any alternatives,23,top_up_failed
what does it mean when a cash withdrawal is pending?,17,pending_cash_withdrawal
somebody stole my wallet and is using my card! can you do something so they can't keep taking my money?,11,cash_withdrawal_not_recognised
"hi, i have withdrawn cash from the atm on holiday and i guess withdrawal amount has been overcharged. i did it as i was not aware of these charges.",29,wrong_exchange_rate_for_cash_withdrawal
i took out money and there is a fee. why?,10,cash_withdrawal_charge
i was made to pay an additional pound!,15,extra_charge_on_statement
my latest payment was declined! what happened! i was told everything had been resolved and was back to working order again.,12,declined_card_payment
a direct debit payment that i didn't authorise shows up in my app.,14,direct_debit_payment_not_recognised
would it be possible to activate my card?,0,activate_my_card
"i recently purchased something, and the exchange rate was wrong.",9,card_payment_wrong_exchange_rate
why is there a charged fee for debit or credit card payment?,7,card_payment_fee_charged
"i think something went wrong, i didn't get the right amount.",28,wrong_amount_of_cash_received
"i took out cash from the atm, but something must have went wrong, my account shows the correct amount of cash i took out, but the atm didn't give me that amount. how do i get my money back?",28,wrong_amount_of_cash_received
when will my deposit be processed?,2,balance_not_updated_after_cheque_or_cash_deposit
why was there a transfer fee on my account?,26,transfer_fee_charged
the exchange rate was incorrect for this item i bought.,9,card_payment_wrong_exchange_rate
why hasn't my transaction arrived?,27,transfer_not_received_by_recipient
where is the card i ordered 2 weeks ago?,5,card_arrival
"money was taken out without my consent,",11,cash_withdrawal_not_recognised
i was charge a fee that i wasn't told about,26,transfer_fee_charged
what are the reasons why you would not be able to process a payment,3,beneficiary_not_allowed
i thought you guys offered free transfers. why was i charged?,26,transfer_fee_charged
what i topped up was reverted by the app.,24,top_up_reverted
could you inform me as to why i have been charged a higher fee for doing banking abroad.,26,transfer_fee_charged
"i have an unknown debit charge in my statement, why?",14,direct_debit_payment_not_recognised
how do i get my refund back?,21,request_refund
i've made a card payment a couple of days ago now but it looks like the money is stuck. how long does it typically take for the payment to go through?,16,pending_card_payment
please help me with the activation of the new card.,0,activate_my_card
how do i check to see why my card payment was declined?,12,declined_card_payment
i am not receiving the correct exchange rate on my card.,9,card_payment_wrong_exchange_rate
i bought the wrong size and would like a refund,21,request_refund
is it possible that my card payment was reverted?,22,reverted_card_payment?
"unbeknownst to me, there was an additional charge on my prior transaction. a notification of sorts should be required and explained before future payments are made.",7,card_payment_fee_charged
"i could not get a top-up to work, why?",23,top_up_failed
can i have my card activated?,0,activate_my_card
i want to see what this fee is on my card payment.,7,card_payment_fee_charged
can you please tell me where my card is? i ordered it 2 weeks ago!,5,card_arrival
why was my atm withdrawal cancelled?,13,declined_cash_withdrawal
how do i link a new card to an existing one?,6,card_linking
my top up may have been reverted,24,top_up_reverted
what's taking so long for this payment to go through?,16,pending_card_payment
i see a $1 charge in a transaction.,15,extra_charge_on_statement
why is there some cash that i did not deposit in my account?,11,cash_withdrawal_not_recognised
what's the normal time frame for a transfer from a uk account? after just making a transfer it doesn't appear at all. i need to know if things went okay.,1,balance_not_updated_after_bank_transfer
why has my top up been returned?,24,top_up_reverted
i need to cancel a transaction please!,4,cancel_transfer
there is a pending payment on my account that is very strange. i don't remember making this and it won't go away. can you help me figure this out?,15,extra_charge_on_statement
"my money is gone. i had topped up recently and saw it was there and went through, but now it's disappeared, what is happening?",24,top_up_reverted
i used my card to get cash then i was charged a fee that i shouldn't have been charged.,10,cash_withdrawal_charge
how much can i withdrawal in one month without incurring fees?,10,cash_withdrawal_charge
my recipient hasn't received the money,27,transfer_not_received_by_recipient
my refund has not shown up in my account. where is it?,20,Refund_not_showing_up
why am i charged an extra fee on my card?,7,card_payment_fee_charged
how can i check on the delivery status of my card?,5,card_arrival
"i keep checking to see if i've received a refund that i requested from a seller, but i'm not seeing the refund. i need you to help me get the refund.",20,Refund_not_showing_up
i have tried using my card for the first time at the atm of notting hill to withdrawal cash but it didn't work. does this mean my card isn't working?,13,declined_cash_withdrawal
"there's a €1 fee on my statement, why?",15,extra_charge_on_statement
there seems to be a couple of payments listed in the app i know weren't made by me. is there a possibility someone has access to my card? can you find out what's going on?,8,card_payment_not_recognised
"when i top-up, the app reverts it.",24,top_up_reverted
how is my atm deposit not available yet?,17,pending_cash_withdrawal
when will i get my new card?,5,card_arrival
"i have checked the account information several times to be sure that it is correct, but the in country transfer i did a few days ago still has not appeared! what is the hold up?",27,transfer_not_received_by_recipient
the amount of cash i have received is not correct.,28,wrong_amount_of_cash_received
i haven't received my card and am worried it is lost.,5,card_arrival
the atm gave me less cash than requested,28,wrong_amount_of_cash_received
i got charged fees for withdrawing cash!,10,cash_withdrawal_charge
what are the reasons to be charged a fee on card payments?,7,card_payment_fee_charged
why am i getting double charged for multiple transactions?,25,transaction_charged_twice
can you tell me why the card payment came back?,22,reverted_card_payment?
i have a question about fee for cash withdraw.,10,cash_withdrawal_charge
i need to track the card sent to me.,5,card_arrival
the app reverted the payment i made.,22,reverted_card_payment?
i found my card. how can i put it into my app?,6,card_linking
rates were applied wrong while using foreign currency at an atm.,29,wrong_exchange_rate_for_cash_withdrawal
why is my withdrawl to cash still pending?,17,pending_cash_withdrawal
my money transfer has not happened yet,19,pending_transfer
why hasn't a transaction i did to my friend arrived yet?,27,transfer_not_received_by_recipient
i checked the app and there is a payment that i don't recognize.,8,card_payment_not_recognised
i see a strange payment in my account.,8,card_payment_not_recognised
why did my payment fail?,12,declined_card_payment
i need to move money to another beneficiary. why is it not working?,3,beneficiary_not_allowed
"i paid my rent into the wrong account, could you please pay it into the right account, it needs to be done by tomorrow.",4,cancel_transfer
"i've use my accounts all the time to manage my payments for my place abroad that i just got. i now see that i suddenly have new fees.i'm a frequent customer, so why are you charging me new fees instead of rewarding me?",26,transfer_fee_charged
the exchange rate was different than expected,29,wrong_exchange_rate_for_cash_withdrawal
i believe my top up has failed,23,top_up_failed
help! the app says i took out cash but i didn't!,11,cash_withdrawal_not_recognised
why is my money not in my account. i have already sent it out.,2,balance_not_updated_after_cheque_or_cash_deposit
i tried withdrawing but my cash is not showing up?,28,wrong_amount_of_cash_received
i'm going to cancel a purchase.,21,request_refund
please tell me why the purchase i made online returned payment. i really wanted this item and i've been trying for 2 weeks.,22,reverted_card_payment?
looks like my card payment was cancelled.,22,reverted_card_payment?
"i bought something online a couple days ago, sent the money immediately online but the seller says it's still not there yet. how long do eu transfers actually take?",19,pending_transfer
i used my card to top up but it's saying it is still pending. what does this mean?,18,pending_top_up
someone stole my wallet a couple of hours ago now and they have taken money from my account. is there any way that you can help so i won't lose any more of my money.,11,cash_withdrawal_not_recognised
i just found a payment from a while back in my account that i didn't make. can i still dispute it even though it was a couple of months ago?,14,direct_debit_payment_not_recognised
i tried to get cash out of the atm but it is taking too long,17,pending_cash_withdrawal
why is this beneficiary being rejected?,3,beneficiary_not_allowed
i'm confused as to why my transfer is still listed as pending on the website.,19,pending_transfer
i checked my statement and am being charged one pound. where did this charge come from?,15,extra_charge_on_statement
"i only made one transaction at this place, but it's appearing multiple times.",25,transaction_charged_twice
why did i only get 20.00,28,wrong_amount_of_cash_received
"hello, i'm a brand new customer and tried topping up for the first time today. it has been pending for half an hour and doesn't seem to be working. please resolve this.",18,pending_top_up
why isn't my deposit in my account?,2,balance_not_updated_after_cheque_or_cash_deposit
i can't find my refund. please help.,20,Refund_not_showing_up
the app shows a fraudulent payment made on my account.,8,card_payment_not_recognised
i just bought an item and would like to stop payment can you tell me if the item has been sent yet?,21,request_refund
i want to revert this mornings transaction.,4,cancel_transfer
"i tried topping up my account but it failed, can you help me?",23,top_up_failed
are there atm fees?,10,cash_withdrawal_charge
"i received a refund, however i cannot see it in my account",20,Refund_not_showing_up
how do i request a refund?,21,request_refund
why did you revert my top-up?,24,top_up_reverted
my app shows a payment i didn't make,8,card_payment_not_recognised
why is there a fee for using my card?,7,card_payment_fee_charged
i can't activate my card?,0,activate_my_card
i am not seeing recent cash withdrawal on my account.,17,pending_cash_withdrawal
how do i get my card into the app?,6,card_linking
my top is still pending.,18,pending_top_up
why was my transaction charged an extra fee when paying with my card?,7,card_payment_fee_charged
"hi, could you please help me as someone has stolen my wallet few hours ago. and a withdrawal is made, please help immediately. as i don't want to suffer more.",11,cash_withdrawal_not_recognised
when i exchanged currencies the value of my money changed.,29,wrong_exchange_rate_for_cash_withdrawal
how can i find out about an extra fee on my statement?,15,extra_charge_on_statement
my balance didn't change after i transferred some money.,1,balance_not_updated_after_bank_transfer
my new card hasn't came in.,5,card_arrival
my balance was not updated after transferring money.,1,balance_not_updated_after_bank_transfer
what can i do if my card still hasn't arrived after 2 weeks?,5,card_arrival
i am still waiting for my card.,5,card_arrival
there was a problem with the exchange rate on a purchase.,9,card_payment_wrong_exchange_rate
there is a vendor name i don't recognize on a payment from my account. i don't think i made this payment.,8,card_payment_not_recognised
"i did a payment with my card but seem that didn't work, it's still listed as pending since a while ago. when does this actually go through?",16,pending_card_payment
why was i charged extra on my last uk pound to russian ruble exchange?,9,card_payment_wrong_exchange_rate
can you please help me in canceling my order.,21,request_refund
i have a fee listed for a transfer.,26,transfer_fee_charged
"i went for a meal in seattle and paid the bill but i think they charged me twice, the first time they swiped the card i got a notification to say the money had gone out the account but then i added a tip and i think they swiped it all again. can you refund one of the charges?",25,transaction_charged_twice
there is payment showing that i didn't do.,8,card_payment_not_recognised
my card wont work at an atm,13,declined_cash_withdrawal
"i transferred money, why was charged for an extra fee?",26,transfer_fee_charged
what is the exchange rate when i get cash,29,wrong_exchange_rate_for_cash_withdrawal
what on earth is up with the exchange rate! this should have been a much higher amount of cash,29,wrong_exchange_rate_for_cash_withdrawal
how long does it take for me to get my new card?,5,card_arrival
what can i do about a direct debit transaction on my card that i didn't make?,14,direct_debit_payment_not_recognised
my payment card was declined - could you tell me why?,12,declined_card_payment
why can't a beneficiary receive a money transfer from me?,3,beneficiary_not_allowed
"i am not sure how this will work, but i have not received a product i ordered. i want a refund, but should i just cancel the payment?",21,request_refund
how do i dispute a direct debit that i didn't do?,14,direct_debit_payment_not_recognised
how are cash withdrawals pending?,17,pending_cash_withdrawal
there is a payment on my card that i do not recognize. i've never seen the name on the transaction before.,8,card_payment_not_recognised
i was supposed to get a refund but i do not see it.,20,Refund_not_showing_up
i don't think that my top-up worked.,23,top_up_failed
i tried to top up with my card but it was declined. i was able to a couple days ago and it worked. is something wrong? can you check it for me please?,23,top_up_failed
can you track my card for me?,5,card_arrival
what does pending mean on a cash withdrawal?,17,pending_cash_withdrawal
i have a fee and i don't know why,7,card_payment_fee_charged
an extra fee has been added to my card payment is this correct?,7,card_payment_fee_charged
"i tried to withdraw money, but was unable to. still says that the transaction is pending? will this money disappear??",17,pending_cash_withdrawal
i got notified that my top up has been reverted. why?,24,top_up_reverted
where is the transfer that i did?,1,balance_not_updated_after_bank_transfer
"hello, i tried to take some cash out of the atm but i looked at my statement and it still shows that it's pending. is the machine broken? will i receive my money back or will i be charged for this?",17,pending_cash_withdrawal
i'm on holiday and i noticed a different amount for exchange rate. can you explain?,9,card_payment_wrong_exchange_rate
the atm i used for foreign currency provided the wrong exchange rate.,29,wrong_exchange_rate_for_cash_withdrawal
"i tried to withdraw some funds from my card, but was declined. how can i get my money?",13,declined_cash_withdrawal
this debit is not my transcation. how do i get my money out back?,14,direct_debit_payment_not_recognised
last week i put a cash deposit into my account and it is still isn't there.,2,balance_not_updated_after_cheque_or_cash_deposit
it appears i have a fee in my statement.,15,extra_charge_on_statement
i made a card payment but it didn't work. why not?,12,declined_card_payment
there is some cash that is showing up on my app.,11,cash_withdrawal_not_recognised
why was my request for cash declined?,13,declined_cash_withdrawal
i was declined when i tried to withdraw cash!,13,declined_cash_withdrawal
"i had a duplicate card and bought something and it showed up twice. i canceled my card, how do i get my money back?",25,transaction_charged_twice
did you revert my top up?,24,top_up_reverted
its been several days and my cash withdrawal is still pending. why?,17,pending_cash_withdrawal
why have i been charged a fee for using my card?,7,card_payment_fee_charged
"it's been more than a week since i had a return charged to my card, why hasn't it showed up?",20,Refund_not_showing_up
a transfer has been made in my account that i need to cancel. this was a mistake on my part and i hope we can get this resolved quickly.,4,cancel_transfer
help my activate my card.,0,activate_my_card
there are duplicate transactions on my account,25,transaction_charged_twice
please tell me how to get a refund for something i bought.,21,request_refund
for what reason can i not transfer money to a beneficiary?,3,beneficiary_not_allowed
i didn't get all the cash i asked for,28,wrong_amount_of_cash_received
can i cancel this purchase?,21,request_refund
unusual direct deposit,14,direct_debit_payment_not_recognised
"i got this stupid fee after taking cash out, why?",10,cash_withdrawal_charge
a transfer to my account was denied.,3,beneficiary_not_allowed
i bought an item that i was charged a different exchange rate for.,9,card_payment_wrong_exchange_rate
"i'm looking at my statement, and my refund is not on there.",20,Refund_not_showing_up
why was i charged for withdrawing cash?,10,cash_withdrawal_charge
why is there a service fee on my statement?,15,extra_charge_on_statement
what's the expected wait time to recieve my new card?,5,card_arrival
"is there a fee when i get cash from an atm? is there a limit i can take out? if there is a fee, what is it?",10,cash_withdrawal_charge
"i tried to top up, but the funds show up as pending. i thought it was instant?",18,pending_top_up
could i get tracking on the card?,5,card_arrival
i made a transfer to my friend earlier and she hasn't received it yet. what's the hold up?,27,transfer_not_received_by_recipient
why did i get charged a fee for my card payment?,7,card_payment_fee_charged
i didn't cancel my card payment.,22,reverted_card_payment?
i need to cancel a transaction on my debit card.,14,direct_debit_payment_not_recognised
what was the cause for my card to be declined?,13,declined_cash_withdrawal
i can't get the top-up to work! what's going on here.,23,top_up_failed
i used a check check yesterday to balance my account and it isn't showing up?,2,balance_not_updated_after_cheque_or_cash_deposit
"after i got my cash, i found out my exchange rate was wrong.",29,wrong_exchange_rate_for_cash_withdrawal
let me know when you charge for payments. i just checked the app and saw a fee that i wasn't warned about.,7,card_payment_fee_charged
what needs to be done to activate and use a card?,0,activate_my_card
i noticed my exchange rate was incorrect when i got cash.,29,wrong_exchange_rate_for_cash_withdrawal
why is it taking so long for my pending transaction to post as cleared?,19,pending_transfer
i got a fee when paying with my card,7,card_payment_fee_charged
i have been overcharged. i just changed over russian ruble to uk pounds and it was too much. it seems something was wrong with my exchange.,9,card_payment_wrong_exchange_rate
i pulled cash from the atm earlier. why is it still pending if i already have the cash?,17,pending_cash_withdrawal
my card payment wasn't declined,12,declined_card_payment
how long does it take for a transfer to post,1,balance_not_updated_after_bank_transfer
i need to reverse a transaction,4,cancel_transfer
"one of my charges was declined, but the second one went through. but i notice on my app that one of them has gone through, and the other one is still pending. please ensure that only one charge is processed. thanks",25,transaction_charged_twice
why is it taking so long for a transfer to complete!,27,transfer_not_received_by_recipient
i did not have the right exchange rate applied to my situation of pulling out cash,29,wrong_exchange_rate_for_cash_withdrawal
"if i have already completed a cash withdrawal at an atm, is it normal for it to show as a pending transaction on the app?",17,pending_cash_withdrawal
"how long do transfers from a uk bank account usually take for you? i just made a transfer and i'm not seeing anything, wondering if it worked",1,balance_not_updated_after_bank_transfer
when will my returned transaction show up on my account?,20,Refund_not_showing_up
i deposited a cheque but the cash hasn't arrived yet,2,balance_not_updated_after_cheque_or_cash_deposit
can i cancel a transfer i made,4,cancel_transfer
why would a transfer to a beneficiary not go through?,3,beneficiary_not_allowed
can i withdraw money in my hometown currency while on holiday without any additional fees?,29,wrong_exchange_rate_for_cash_withdrawal
why am i still waiting for a transfer?,1,balance_not_updated_after_bank_transfer
i need to cancel a transfer i made.,4,cancel_transfer
i have my card here with me and someone has just made a withdrawal for 500. please help!,11,cash_withdrawal_not_recognised
"transfers can take up to one day to process before departing for the beneficiary accounts. please confirm that you've entered your account details correctly. sepa transfers can take up to two working days, while swift transfers can take up to five working days.",19,pending_transfer
how do i dispute a direct debit transaction?,14,direct_debit_payment_not_recognised
i've been trying to make a transfer and it hasn't gone through. now i am receiving an error message. what is the problem?,3,beneficiary_not_allowed
why am i not able to withdraw cash from this atm?,13,declined_cash_withdrawal
my payment shows that it is pending will i be charged more money?,19,pending_transfer
"i'm checking my statements and i saw a purchase from a couple weeks ago that i don't recall at all. not only that, but i don't even know the business that charged it. i'm not sure if i did it or not, but can we check it and see if we can trace it back to make certain?",14,direct_debit_payment_not_recognised
i don't recognize this payment,8,card_payment_not_recognised
"in my app, a direct debit payment i didn't do shows in my app",14,direct_debit_payment_not_recognised
i have an outgoing transfer,19,pending_transfer
is it possible for a transaction to be cancelled?,4,cancel_transfer
activate my card,0,activate_my_card
"one of my card payments, i don't recognise the name of the merchant.",8,card_payment_not_recognised
why was my exchange rate a different amount than usual?,9,card_payment_wrong_exchange_rate
why is it taking so long for my money to appear in my account? i have been waiting a week!,2,balance_not_updated_after_cheque_or_cash_deposit
i used my card the other day to get cash from an atm and was charged an extra fee. i don't understand why i am being charged a fee all of a sudden. i thought it was free to withdraw from an atm?,10,cash_withdrawal_charge
can you tell me why my transfer is pending still?,19,pending_transfer
my cash withdrawl has the wrong rate of exchange.,29,wrong_exchange_rate_for_cash_withdrawal
i got some cash but it wasn't the right amount.,28,wrong_amount_of_cash_received
2 weeks ago i ordered my new card. it isn't here. what should i do?,5,card_arrival
"i withdrew some cash, when is it going to show?",17,pending_cash_withdrawal
why was i charged extra on my app?,15,extra_charge_on_statement
the app is showing mt withdrawals that aren't mine.,11,cash_withdrawal_not_recognised
can someone explain why i'm getting a message on my screen saying my transfer isn't possible? i've done several in the past and haven't had a single problem until now. what's going on?,3,beneficiary_not_allowed
what amount of time does it take for a transfer to reflect and be available,1,balance_not_updated_after_bank_transfer
the exchange rate i got for cash was wrong,29,wrong_exchange_rate_for_cash_withdrawal
how long do transfers typically take? is there a way of speeding the process up? my friend needs the money i sent her desperately.,27,transfer_not_received_by_recipient
there are funds showing in my app that i did not receive.,11,cash_withdrawal_not_recognised
"the product is not working, can i get a refund?",21,request_refund
"my app says i made a withdrawal, but i didn't.",11,cash_withdrawal_not_recognised
"hello, i am a new customer, and just tried topping up for the first time. according to your information, the transaction should be instant - why does it still show as pending?",18,pending_top_up
why hasn't my in country transfer gone through yet? i confirmed the account info a couple days ago but the payment hasn't been posted yet.,27,transfer_not_received_by_recipient
i'm really upset because i made a typo during a transfer and now i've sent money to the wrong account. i can't fix this with the app. please help me immediately!,4,cancel_transfer
i have a payment that shows twice,25,transaction_charged_twice
i'm still expecting the transaction to be finished,27,transfer_not_received_by_recipient
how can i request cash back? the atm gave me the wrong amount that i've been charged though...,28,wrong_amount_of_cash_received
how long is the wait for a money transfer to show up?,19,pending_transfer
i recently made a transfer that i would like to cancel,4,cancel_transfer
i noticed on my online statement that an atm withdrawal i made early is still pending. is this accurate?,17,pending_cash_withdrawal
am i able to cancel a transfer i just made,4,cancel_transfer
can the card was sen to me be tracked?,5,card_arrival
i was recently charged for withdrawing money from my bank atm. how can that be possible when i haven't been charged for using it before?,10,cash_withdrawal_charge
how does on apply fora refund on an item he ordered? i ordere an item and have not received it yet so i want to cancel it and get a refund,21,request_refund
"this is not right, i was told i could take out cash at the atm for free?",10,cash_withdrawal_charge
i used my card and there was a fee,7,card_payment_fee_charged
there is a direct debit charge on my account that i don't recognize.,14,direct_debit_payment_not_recognised
i need to dispute a direct debit.,14,direct_debit_payment_not_recognised
how do i link an old card?,6,card_linking
i received $20 but i entered $100,28,wrong_amount_of_cash_received
i need my card frozen cause it was used without my consent to take money out. it was in an odd place.,11,cash_withdrawal_not_recognised
if i found a lost card can i put it back in app,6,card_linking
there is an odd 1£ charge that appears as pending on my statement. what's the reason for that? i haven't purchased anything for a pound.,15,extra_charge_on_statement
what are the exchange rates for foreign currency atms,29,wrong_exchange_rate_for_cash_withdrawal
is there a reason that my payment didnt go through,12,declined_card_payment
there's a payment showing in the app today even though i have not used my card at all. i want a refund.,14,direct_debit_payment_not_recognised
why isn't my refund shown on my statement?,20,Refund_not_showing_up
i was just shopping online for some tickets and the payment was declined by you. why has this happened? i am certain i have the right amount of funds in my account.,12,declined_card_payment
when will my deposit from this morning show up?,2,balance_not_updated_after_cheque_or_cash_deposit
i was charged more than once for a card payment i made.,25,transaction_charged_twice
why was there a fee for my cash withdrawal?,10,cash_withdrawal_charge
i need a refund right away but the funds aren't available in my account,20,Refund_not_showing_up
there is money in my account that i didnt put there,11,cash_withdrawal_not_recognised
please cancel the transaction,4,cancel_transfer
i can't add any more money.,23,top_up_failed
how do i reactivate a card i thought i lost?,6,card_linking
atm only gave me $20 instead of $100,28,wrong_amount_of_cash_received
why would my beneficiary not be allowed?,3,beneficiary_not_allowed
why is the exchange rate different than expected on my transaction?,29,wrong_exchange_rate_for_cash_withdrawal
is there a reason that my top-up is still pending?,18,pending_top_up
i just deposited cash to my account and can't find it!,2,balance_not_updated_after_cheque_or_cash_deposit
i couldn't pay with my card,12,declined_card_payment
i tried to transfer some money and it hasn't done it yet - what's going on?,27,transfer_not_received_by_recipient
my atm card isn't working for a withdrawl,13,declined_cash_withdrawal
there is a mysterious debit transaction on my statement,14,direct_debit_payment_not_recognised
does transferring money have a fee?,26,transfer_fee_charged
my transaction is on the wrong account.,4,cancel_transfer
my account isn't showing a transfer i made.,1,balance_not_updated_after_bank_transfer
why is top up pending,18,pending_top_up
is there a fee for paying by card?,7,card_payment_fee_charged
why didn't i get the amount i requested at the atm?,28,wrong_amount_of_cash_received
my cheque is taking a while,2,balance_not_updated_after_cheque_or_cash_deposit
why did you charge me extra?,15,extra_charge_on_statement
i was checking my statement and my top-up has been reverted,24,top_up_reverted
i was under the impression that transfers were going to be free and here i was charged for something i bought overseas! i don't think this fee is right,26,transfer_fee_charged
my account shows a direct debit charge that i have never seen before,14,direct_debit_payment_not_recognised
when will my transfer arrive,27,transfer_not_received_by_recipient
how can a payment be declined,12,declined_card_payment
"i want to reactivate my card, i thought i had lost it but i found it.",6,card_linking
i contacted the seller for a direct refund last week but he still hasn't give me my money. what should i do?,20,Refund_not_showing_up
my new card has not been delivered to my home yet. what is going on?,5,card_arrival
"cancel my transfer, please.",4,cancel_transfer
i think the exchange rate is wrong for my atm withdrawal,29,wrong_exchange_rate_for_cash_withdrawal
"my new card just arrived, how can i activate it?",0,activate_my_card
there is a direct debit charge on my account that is not mine.,14,direct_debit_payment_not_recognised
are there restrictions to transfers to certain accounts?,3,beneficiary_not_allowed
i don't think the charges made when i had currency exchanged are right.,9,card_payment_wrong_exchange_rate
i didn't receive the amount of cash i requested for the atm.,28,wrong_amount_of_cash_received
the exchange rate for foreign atm currency is wrong.,29,wrong_exchange_rate_for_cash_withdrawal
i found my old card. can i link it back into the app?,6,card_linking
my transfer's stuck on pending.,19,pending_transfer
how come there is a $1 extra charge on my statement?,15,extra_charge_on_statement
how do i get a refund for an item i bought?,21,request_refund
"show me how to link the new card,",6,card_linking
"there was an extra fee when i paid with my card, why was i charged this extra fee?",7,card_payment_fee_charged
i can't see my refund on my account,20,Refund_not_showing_up
why was my payment reverted on the app,22,reverted_card_payment?
i exchanged russian rubles for british pounds today and got less than i expected. was exchange rate correct?,9,card_payment_wrong_exchange_rate
why and i being charged this fee?,7,card_payment_fee_charged
"i'd lke my card reactivated, i was thinking it was misplaced but i discovered when i woke up that i had left it in my coat.",6,card_linking
"give me back my money, i'm not paying the sellers. it has been a long time ago that i made an order and it just isn't coming.",21,request_refund
please check to see if the band transfer i made a while ago from my uk account has safely arrived.,1,balance_not_updated_after_bank_transfer
"hello, i trying to top up with my card today but it didn't work. when i tried last time it worked but today it isn't. could you take a look at it for me?",23,top_up_failed
is there an issue with my card payment as it has not gone through.,12,declined_card_payment
my payment is in the app but hasn't gone through yet,16,pending_card_payment
i would like to reactivate a card and wondered if that could be done?,6,card_linking
i was charged more than once in a single transaction,25,transaction_charged_twice
"i saw money was taken out of my account by a seller a while back. i do not recognize the seller, but i'm pretty certain i didn't make that payment. can you track who the seller is?",14,direct_debit_payment_not_recognised
"hello. i looked at my account and see that a transaction i tried to do is pending, but i did not complete that transaction. when i was at the atm, the machine declined my card. can you make sure that transaction does not go through because i definitely did not receive the money.",17,pending_cash_withdrawal
why did you charge me extra for withdrawing money?,10,cash_withdrawal_charge
i inadvertently completed a transaction on a wrong account.,4,cancel_transfer
i got cash and was charged a fee that shouldn't be there!,10,cash_withdrawal_charge
"the card i thought i lost was in my jacket pocket this morning, so can i reactivate that?",6,card_linking
is there an allowance on cards?,7,card_payment_fee_charged
i made a transfer but my balance hasn't been updated,1,balance_not_updated_after_bank_transfer
"my husband and i went out for our weekly ""dinner and a movie,"" and it was my turn to pick up the check. now i see that my card was charged twice. who should i contact about negating the second charge and getting my card credited?",25,transaction_charged_twice
is it possible to cancel transactions?,4,cancel_transfer
what is this withdrawal as i do not remember making it.,11,cash_withdrawal_not_recognised
i don't think i was supposed to be charged so much.,26,transfer_fee_charged
an item i bought had the wrong exchange rate applied.,9,card_payment_wrong_exchange_rate
i want to use my card. how do i activate it?,0,activate_my_card
"my cash withdrawal is showing as pending, why?",17,pending_cash_withdrawal
"i just checked my statement and saw a $1 charge, why is it there?",15,extra_charge_on_statement
i had a card payment that was declined. why?,12,declined_card_payment
what is the most efficient way to activate my new card?,0,activate_my_card
i asked for 100 only got 80,28,wrong_amount_of_cash_received
today i noticed a charge for an atm withdrawal on my account. can you please fix this? it's supposed to be no charge.,10,cash_withdrawal_charge
i don't see any change in my balance.,1,balance_not_updated_after_bank_transfer
how do i return something for a full refund?,21,request_refund
"my friend deposited $100 into my account, but it is not showing up!",2,balance_not_updated_after_cheque_or_cash_deposit
is there any reason my cash withdrawal still shows as pending?,17,pending_cash_withdrawal
why is it showing that my account has been charged a dollar that is showing as pending?,15,extra_charge_on_statement
i've tried using my card multiple times and it keeps getting declined.,12,declined_card_payment
why has my top up been cancelled,24,top_up_reverted
i got charged a fee for transferring money.,26,transfer_fee_charged
is my new card activated?,0,activate_my_card
why was i denied the option to transfer money to a selected beneficiary?,3,beneficiary_not_allowed
there is a payment i don't recognize,8,card_payment_not_recognised
how do i see what i transferred,1,balance_not_updated_after_bank_transfer
why has my top-up failed?,23,top_up_failed
it appears my top-up has not gone through.,18,pending_top_up
"something is wrong, my top-up is gone and i don't know what happened to my money.",24,top_up_reverted
how do i get a refund for an unauthorized direct debit payment?,14,direct_debit_payment_not_recognised
i need to freeze my card as soon as possible. i just checked my account and saw that there have been several payments that i don't recognize over the course of a few days. can we investigate and get my money back?,8,card_payment_not_recognised
there was a charge applied when i used my card.,7,card_payment_fee_charged
i made a bank transfer and the balance hasn't updated yet.,1,balance_not_updated_after_bank_transfer
seems like my top-up has failed,23,top_up_failed
"hi, i am trying to buy something online, but i think there is some issue in my card. as payment is reverted. please help me in this as i am facing the same issue from last two weeks.",22,reverted_card_payment?
please tell me why the same transaction is showing up on my account more than once.,25,transaction_charged_twice
how do i get my card on the app?,6,card_linking
the exchange rate at which my card payment is at is wrong,9,card_payment_wrong_exchange_rate
i was charged a fee for using my card. can i check that in any way? it seems like there are occasions that i am charge for fees. can you elaborate this?,7,card_payment_fee_charged
"i've got a problem - i purchased an item maybe a week or two ago, but to the payment came back to my account! i've already got what i ordered, so why are the payment funds showing up in my account?",22,reverted_card_payment?
"i didn't think my country-to-country money transfer would take so long. it still says that it's pending so i re-checked all of the account information--everything seems right, so what's the deal?",19,pending_transfer
when will my top-up go through?,18,pending_top_up
"hello, i'd like to inform you of an issue i'm currently experiencing. the goods i have ordered from your website have still not arrived yet; it has been over 3 weeks. i would like to be issued a refund swiftly and be redirected to more competent people. thank you for your assistance.",21,request_refund
when i purchased a product in another country the currency exchange was incorrect.,9,card_payment_wrong_exchange_rate
i want my card frozen right away. money was taken out in an odd location i have never heard of.,11,cash_withdrawal_not_recognised
i keep checking my statements but nothing shows up! i requested a refund a long time ago but seems it's not reaching my account for some reason. can you please help me get the money back from the seller for me,20,Refund_not_showing_up
i did not get any money but still was charged,28,wrong_amount_of_cash_received
i couldn't transfer to an account.,3,beneficiary_not_allowed
why is my refund not showing up on the statement?,20,Refund_not_showing_up
my account says i have a pending transfer.,19,pending_transfer
why is there an extra fee for using the atm??!!!,10,cash_withdrawal_charge
is my top up not working?,18,pending_top_up
my top-up was just cancelled.,24,top_up_reverted
why are there additional fees for transfers?,26,transfer_fee_charged
i transferred some money a couple days ago but haven't received it yet. how long should i expect to wait?,1,balance_not_updated_after_bank_transfer
what are weekend rates for getting cash,29,wrong_exchange_rate_for_cash_withdrawal
what is going on with my cash deposit. i'm looking at my account balance and it is not there. it has been almost a week. someone better get back to me asap.,2,balance_not_updated_after_cheque_or_cash_deposit
is there a longer processing time for international bank transfers?,1,balance_not_updated_after_bank_transfer
if i have a physical card can i link it?,6,card_linking
i was double-charged for a transaction,25,transaction_charged_twice
i made a purchase recently but i have decided that i'm not buying it and i need to receive my money back. can you please give me a refund asap. it's extremely urgent.,21,request_refund
withdrawal pending meaning?,17,pending_cash_withdrawal
why can't i add any beneficiary i choose?,3,beneficiary_not_allowed
let me know when i get charged extra for payments. i saw on the app a fee i wasn't forewarned about.,7,card_payment_fee_charged
i took out money from the atm and it's still showing as pending?,17,pending_cash_withdrawal
"i tempted to get some money out of the machine earlier and it did not work.looking now, the transaction actually shows to still be in progress. i would certainly appreciate someone look into this and let me know what's going on. i definitely do not want to be charged for money i never received.",17,pending_cash_withdrawal
"hello. how long does it usually take to transfer money to another country? i've made sure all the information is correct, but the transfer still says that it's ""pending.""",19,pending_transfer
"would you please tell me the status of my refund request for a large purchase i made not long ago? i contacted the merchant nearly a week ago, but haven't received it.",20,Refund_not_showing_up
can you see my new balance yet?,1,balance_not_updated_after_bank_transfer
how can i dispute a debit transaction?,14,direct_debit_payment_not_recognised
is there a way to link cards if i have one of yours?,6,card_linking
i ordered my card but it still isn't here,5,card_arrival
i am just waiting on the completion of the transaction.,27,transfer_not_received_by_recipient
reason for my card to decline,12,declined_card_payment
my card payment did not go through.,12,declined_card_payment
i want to change the wrong exchange rate.,9,card_payment_wrong_exchange_rate
how many days does a regular transaction take to complete? i see a pending payment that hasn't changed in the last several days.,16,pending_card_payment
why is there an unknown card payment?,8,card_payment_not_recognised
"on my statement, there is a strange 1£ charge that appears as pending. what's causing that? i haven't purchased anything that's just a pound.",15,extra_charge_on_statement
i was charged a fee for withdrawing cash.,10,cash_withdrawal_charge
how come i have pending transfers?,19,pending_transfer
"i changed the currency, but why is it costing more?",9,card_payment_wrong_exchange_rate
it seems that the rate i got is incorrect.,9,card_payment_wrong_exchange_rate
why would the app revert my payment?,22,reverted_card_payment?
please tell my why i was charged a fee for using my card?,7,card_payment_fee_charged
my top up was reverted. can you help?,24,top_up_reverted
someone made a mistake on my money transfer because i was charged extra fees.,26,transfer_fee_charged
i did not receive the correct amount of cash.,28,wrong_amount_of_cash_received
what is your exchange rate between uk pounds and russian rubles for my last transaction,9,card_payment_wrong_exchange_rate
my account was charged a debit payment i don't recognize.,14,direct_debit_payment_not_recognised
my cash transaction isn't showing on my receipt,27,transfer_not_received_by_recipient
i did a topup successfully but its not showing in balance. i think there is some problem in system.,24,top_up_reverted
i see a charge of 1l i do not recognize on my statement,15,extra_charge_on_statement
do you offer free atm withdrawals of ones hometown currency while on holiday?,29,wrong_exchange_rate_for_cash_withdrawal
why hasn't my transaction arrived to my friend yet?,27,transfer_not_received_by_recipient
why did i get charged a fee for my transfer?,26,transfer_fee_charged
what's the problem? i thought you offered crypto top up. this doesn't appear to be working at all. my money has now vanished from my account.,24,top_up_reverted
i think that the exchange rate for the withdrawal of my cash is not right.,29,wrong_exchange_rate_for_cash_withdrawal
i deposited a cheque and its been days and i still haven't received the cash!!,2,balance_not_updated_after_cheque_or_cash_deposit
my credit card was just denied for top up! can you tell me why this happened and what's going on?,23,top_up_failed
a withdrawal is showing that i don't recognize,11,cash_withdrawal_not_recognised
why did i have to pay extra because i paid with my card?,7,card_payment_fee_charged
i think the exchange rate for my for my cash withdrawal is wrong,29,wrong_exchange_rate_for_cash_withdrawal
"i need to add more funds to my card today because it keeps being declined, and i need to use it immediately. can you fix this or tell me alternatives?",23,top_up_failed
i got charged for with a fee for paying with my card.,7,card_payment_fee_charged
the balance does not appear to have updated.,1,balance_not_updated_after_bank_transfer
there is a direct debit fee in the app that i didn't do.,14,direct_debit_payment_not_recognised
"please cancel my most recent transfer, it was a mistake. this is an emergency. it needs to be canceled before it goes through.",4,cancel_transfer
i withdrew $100 but only received $20,28,wrong_amount_of_cash_received
"please check my card. as withdrawal was working fine so far, but this morning suddenly got declined. can you please check the problem?",13,declined_cash_withdrawal
what identification is required to activate my card?,0,activate_my_card
why does it cost more to pay with my card?,7,card_payment_fee_charged
how come my cash withdrawal came with an unnecessary fee?!,10,cash_withdrawal_charge
what was the issue with my topping up?,23,top_up_failed
my top-up was rejected,23,top_up_failed
can i track the card that you sent me in the mail?,5,card_arrival
i bought something and want the money refunded can i get some help with that?,21,request_refund
i've been charged an extra £1 and i don't know what it's for,15,extra_charge_on_statement
why am i being charged extra when i withdrew money?,10,cash_withdrawal_charge
i'm looking for a machine of yours that will provide me cash from my home country. i went on holiday and don't have any cash on me. will your machine charge me extra to do this?,29,wrong_exchange_rate_for_cash_withdrawal
there was a charge made on my card from a couple weeks ago and i don't remember making the purchase. nor do i remember the company itself. can we trace this at all to confirm if i did it or not?,14,direct_debit_payment_not_recognised
"last saturday, i was charged extra for the exchange rate on my payment. is something wrong?",9,card_payment_wrong_exchange_rate
tell me why my card payment was declined.,12,declined_card_payment
i haven't gotten my credit card in the mail.,5,card_arrival
what are the reasons a beneficiary would be denied?,3,beneficiary_not_allowed
"i was abroad and needed some cash, but i think the wrong exchange rate was applied to the transaction.",29,wrong_exchange_rate_for_cash_withdrawal
why won't my transfer to another account work?,3,beneficiary_not_allowed
"i have arranged a transfer, but no longer need to send it. how do i stop the transfer?",4,cancel_transfer
"lost card found, want to put it back in app",6,card_linking
i made a check deposit but the cash hasn't arrived in my account yet.,2,balance_not_updated_after_cheque_or_cash_deposit
how long do cheques take to post to your account?,2,balance_not_updated_after_cheque_or_cash_deposit
my app statement shows i took out cash from an atm but i did not. what can i do?,11,cash_withdrawal_not_recognised
i was charged twice for the same purchase!,25,transaction_charged_twice
why did my cash deposit not show up?,2,balance_not_updated_after_cheque_or_cash_deposit
"hi, is everything in good standing with my card? i am receiving multiple ""decline"" messages.",12,declined_card_payment
where is my new card if i haven't received it yet?,5,card_arrival
isn't my top-up supposed to mean its complete?,18,pending_top_up
"hello, i have a pending transaction in my account due to an atm machine that wasn't working. in any case if the transaction goes through, after how long can i get my money back?",17,pending_cash_withdrawal
i payed my rent to my landlord a few days ago and he is saying the it never went though. everything looks good to me and i even double checked the account number. i don't know what could be causing the confusion. can you help me please?,27,transfer_not_received_by_recipient
why is my card payment still a pending transaction?,16,pending_card_payment
i need to cancel a payment. something i purchased a while ago still has not arrived and i'm not going to pay them if they won't send me what i purchased.,21,request_refund
"i sent a payment, but the person i sent it to says they don't have it",27,transfer_not_received_by_recipient
my money transfer has not yet occurred,19,pending_transfer
what is the time frame that transfers normally take from a uk account? i just completed a transfer and nothing shows up. i need to know if everything is alright.,1,balance_not_updated_after_bank_transfer
how do i get the card linked,6,card_linking
"hi, please help me to request cash back. as i have been withdrawn money from atm, but i got wrong amount. in application its showing the amount i have been charged through.",28,wrong_amount_of_cash_received
why did the funds for one of my purchase come back to my account?,22,reverted_card_payment?
i thought crypto top up with something you offer. this is not working. the money has been deducted from my account. can you find out what's going on?,24,top_up_reverted
why is there an extra pound charge that is pending?,15,extra_charge_on_statement
the exchange rate was incorrect for an item i bought.,9,card_payment_wrong_exchange_rate
what if there is an error on the exchange rate?,9,card_payment_wrong_exchange_rate
why is my top up failing,23,top_up_failed
why have you declined my card payment?,12,declined_card_payment
i didn't get the all the cash i wanted from the atm,28,wrong_amount_of_cash_received
how can i go about getting a refund?,21,request_refund
what is the extra fee that showed up on my card?,7,card_payment_fee_charged
i received incorrect amount of cash from an atm today. it was more than i wanted. what do i do now?,28,wrong_amount_of_cash_received
i purchased this item and would like a refund,21,request_refund
can you tell me why my top-up was canceled?,24,top_up_reverted
is the fee with my cash withdrawal a mistake?,10,cash_withdrawal_charge
i think i may have been charged $1 extra on my app. could you provide some insight as to why this may have happened?,15,extra_charge_on_statement
it seems like my card payment didn't work.,12,declined_card_payment
my payment has an incorrect exchange rate.,9,card_payment_wrong_exchange_rate
"i have done a transfer within the country the day before yesterday, but it's still not there yet. can you please check what's going on with that, the account number definitely is the right one, i've checked that several times already.",27,transfer_not_received_by_recipient
there's a payment with my card that i definitely didn't create. i don't know anyone by that name.,8,card_payment_not_recognised
i tired to get cash in the atm but it was cancelled,13,declined_cash_withdrawal
"i requested a refund from a merchant a while ago, and upon repeatedly checking my statement, the merchant has yet to refund me my money. i don't know what's going on, or why the money is getting into my account--could you please help?",20,Refund_not_showing_up
"i have been charged a fee, i didn't know about this fee before! when do you charge extra for card payments?",7,card_payment_fee_charged
i think a payment i made with a card was cancelled.,22,reverted_card_payment?
my foreign currency exchange has been applied incorrectly.,9,card_payment_wrong_exchange_rate
if my card payment isn't working what do i do?,12,declined_card_payment
i don't see a money transfer yet,19,pending_transfer
i have made a card payment but it did not completed still showing as pending. please tell me when it will be completed.,16,pending_card_payment
please help me with my card. as i have tried to use my card in two different atms but repeatedly it was declining by atm.,13,declined_cash_withdrawal
i deposited a check yesterday and im not seeing it posted yet in my account. why is that? can you look into it?,2,balance_not_updated_after_cheque_or_cash_deposit
what's the procedure for canceling a purchase?,21,request_refund
i tried to pay with my card and it didn't work,12,declined_card_payment
my account shows up as pending after i received cash from the atm earlier. how can this be still pending? i've got the cash already.,17,pending_cash_withdrawal
my top up hasn't gone through,18,pending_top_up
why is allowance not being given to my beneficiary?,3,beneficiary_not_allowed
"i tried to top up, but it didn't finish.",18,pending_top_up
i have been overcharged.,25,transaction_charged_twice
i requested a refund from a merchant but don't see the money in my account. are you able to check with the merchant or process the refund manually?,20,Refund_not_showing_up
i added money but my top-up wasn't processed by the app.,23,top_up_failed
there is a payment with my card which i definitely did not make by me .never seen that it before.,8,card_payment_not_recognised
the transfer i made isn't reflected in my balance,1,balance_not_updated_after_bank_transfer
how long will a transfer be pending for?,19,pending_transfer
is there an extra fee for using an atm?,10,cash_withdrawal_charge
i made a purchase and would like to get a refund for what i bought can you have the money put back in my account?,21,request_refund
"over the holiday i withdrew cash from the atm and it seems that i was severely overcharged. had i known that i would be charged those fees, i would not have used the atm!",29,wrong_exchange_rate_for_cash_withdrawal
i see an unauthorized withdraw.,11,cash_withdrawal_not_recognised
"someone has access to my card info. i still have the card, but someone just withdrew cash. how do i get this corrected/stopped?!",11,cash_withdrawal_not_recognised
why is my transfer pending when i already made it?,19,pending_transfer
i have a transfer that is still pending.,19,pending_transfer
how do i dispute a debit that i didn't make?,14,direct_debit_payment_not_recognised
where is my unknown payment from?,8,card_payment_not_recognised
"i have checked my statements multiple times, but my refund that i requested a while back is not showing on my account. is there a reason for this? can i get some help getting my money back from this transaction?",20,Refund_not_showing_up
for what reason did my top-up get cancelled?,24,top_up_reverted
i don't understand where this charge came from.,8,card_payment_not_recognised
can i make a withdraw in my home currency at an atm? i'm on vacation and don't have cash with me. this is cause for a bit of concern. is it possible to withdraw here without additional fees?,29,wrong_exchange_rate_for_cash_withdrawal
my card would not work at a shop.,12,declined_card_payment
hi i received an error message informing me about the transaction failure. i have done the money transfer before and it never failed. please let me know what is the issue this time.,3,beneficiary_not_allowed
i wanted to withdraw $100 from the atm but i only got $20,28,wrong_amount_of_cash_received
it won't let me activate my card.,0,activate_my_card
"now that i have my card, how do i connect it to the app?",6,card_linking
i went to top up my card and it was cancelled.,24,top_up_reverted
is there any way to see my card in the app?,6,card_linking
why was my transfer charged a fee?,26,transfer_fee_charged
my card hasn't arrived yet. what do i do?,5,card_arrival
i received the wrong amount of cash back,28,wrong_amount_of_cash_received
tell me why my card payment would be reverted.,22,reverted_card_payment?
"i want to reactivate my card, i found it after thinking it was lost.",6,card_linking
tell me how a top up would be reverted.,24,top_up_reverted
why didn;t my payment work,12,declined_card_payment
there was an extra fee when i was at the atm. why?,10,cash_withdrawal_charge
where is the money that i transferred.,1,balance_not_updated_after_bank_transfer
why am i charged to get money from the atm?,10,cash_withdrawal_charge
"hi, my card is getting declined during top-up. as it urgent, could you please resolve this issue, or guide me with other alternatives if any.",23,top_up_failed
is it possible to track the card you sent me?,5,card_arrival
the transfer was accepted but now it's stuck on pending. when will it go through?,19,pending_transfer
i need to cancel my card. there are a few charges from a couple days ago that i didn't make. can i get credit for these charges?,8,card_payment_not_recognised
"my transaction history is looking a little off. i have been charged twice for multiple different purchases, and would like to have those duplicate charges refunded.",25,transaction_charged_twice
i made a cash deposit to my account but i don't see it,2,balance_not_updated_after_cheque_or_cash_deposit
why didn't my card payment work?,12,declined_card_payment
"i put my check in the bank, but i haven't gotten my cash yet?",2,balance_not_updated_after_cheque_or_cash_deposit
i set up a payment to a new payee and sent some money but the person i'm sending it to has not received it. can you check where the money is?,27,transfer_not_received_by_recipient
"hi, i just topped up my phone and the money was deducted but it seems to have deducted the same amount again! please help!",24,top_up_reverted
my card activation is failing.,0,activate_my_card
why isn't my card working? i was pumped to use my new card but it keeps getting declined. help please.,12,declined_card_payment
"hey, i think someone stole my card numbers. there is a purchase showing up on my app from a store pretty far away from me.. i really need that money back to pay my rent.",14,direct_debit_payment_not_recognised
why is the exchange rate for my payment incorrect?,9,card_payment_wrong_exchange_rate
my payment was stopped,22,reverted_card_payment?
why did my top-up not go through?,24,top_up_reverted
"hi, i found a large amount payment in my old statements which i am sure was not made by me. i am aware that the time has passed but is there a way to raise a dispute for this payment now?",14,direct_debit_payment_not_recognised
can i put my found card back into the app on my phone?,6,card_linking
why can't my beneficiary access my account?,3,beneficiary_not_allowed
can i have my money refunded for an item,21,request_refund
"please help! i was looking at my account and saw a transaction with a seller i don't remember. is it possible for you to track the sale, because i really don't think i made a payment to them.",14,direct_debit_payment_not_recognised
"i deposited cash into my account, why do i not see it?",2,balance_not_updated_after_cheque_or_cash_deposit
my refund isn't showing up,20,Refund_not_showing_up
did i do something incorrectly? where is my top-up?,18,pending_top_up
how long does a transfer from the united kingdom take? i haven't seen it show up yet in my bank account and want to make sure i get the transfer.,1,balance_not_updated_after_bank_transfer
should i be seeing a fee applied for my money transfer?,26,transfer_fee_charged
am i able to get a refund for something i bought?,21,request_refund
"so, my transfer is showing as pending, when will it actually go through?",19,pending_transfer
is it right that i've been charged for transferring money?,26,transfer_fee_charged
i wanted to purchase some crypto. the app will not let me. what's going on here? i really want to make this exchange.,3,beneficiary_not_allowed
how long does it take for cash withdrawals to hit my account?,17,pending_cash_withdrawal
"help, i was charged twice!",25,transaction_charged_twice
my balance is not right. it has not been updated for the cash or cheque deposit.,2,balance_not_updated_after_cheque_or_cash_deposit
how can i fix this? there is a double charge on my account.,25,transaction_charged_twice
"someone has a copy of my card. i have my card with me, but someone just made a 500£ cash withdrawal. help me.",11,cash_withdrawal_not_recognised
"i don't see my refund money yet in my account. i asked the merchant a while ago for a refund, so i don't know what's taking so long. can you look into it and see if the money is there, just not in my account yet?",20,Refund_not_showing_up
how long should it take for my new card to arrive in them mail? what should i do if i never receive it?,5,card_arrival
how long until my new card gets here?,5,card_arrival
why would my payment still show as pending?,16,pending_card_payment
there is a direct debit set up that was not authorized by me.,14,direct_debit_payment_not_recognised
i just looked over my statement and i don't recognize the name of a card payment.,8,card_payment_not_recognised
"my money has disappeared. i had recently added money in, and saw it was there and went through. now it's gone. what is happening?",24,top_up_reverted
i tried updating my balance by cheque yesterday but it doesn't seem to be working. shouldn't that be faster? please check my account something has gone wrong there.,2,balance_not_updated_after_cheque_or_cash_deposit
i transferred money and it hasn't come yet,27,transfer_not_received_by_recipient
how can i fix this? the atm gave me more cash than i'd asked for.,28,wrong_amount_of_cash_received
the exchange rate for my card payment doesn't seem right.,9,card_payment_wrong_exchange_rate
i made a deposit but it is not showing up in my balance.,2,balance_not_updated_after_cheque_or_cash_deposit
atm apparently not working? couldn't access funds in my account?,13,declined_cash_withdrawal
do you have info about the card on delivery?,5,card_arrival
i just checked my account on the app and there is a payment on there that i did not make.,8,card_payment_not_recognised
why did you cancel my card payment?,22,reverted_card_payment?
i did a transaction this morning and now i want to cancel it.,4,cancel_transfer
"may monthly payment to apple has been declined but i don't know why, they are going to re-try the payment and it must go through, can you tell me what is going on please?",12,declined_card_payment
i put some cash into my account but it's not displaying that on my balance.,2,balance_not_updated_after_cheque_or_cash_deposit
hello i changed my mind and want a refund on one of things i bought recently. can you please cancel the transaction and get me my money back. please it's urgent.,21,request_refund
i need to know how much it costs to transfer funds.,26,transfer_fee_charged
"in the app, i see a withdrawal i didn't make.",11,cash_withdrawal_not_recognised
this card payment isn't is recognition.,8,card_payment_not_recognised
i don't recognize this debit transaction in my billing statement?,14,direct_debit_payment_not_recognised
why has my card been charged an extra pound?,15,extra_charge_on_statement
totally unacceptable. i'm stranded with no cash because the atm wouldn't give me any money!,13,declined_cash_withdrawal
help me activate my card.,0,activate_my_card
is there a reason my payments are pending?,16,pending_card_payment
i sent a transfer and it has been pending for awhile. how long will it stay pending?,19,pending_transfer
"cash withdrawal has been pending, why is it so?",17,pending_cash_withdrawal
has my card payment been reverted?,22,reverted_card_payment?
will my transfer be done soon?,19,pending_transfer
"i deposited money in the form of a cheque, but my balance has not increased.",2,balance_not_updated_after_cheque_or_cash_deposit
how can i check on the status of my new card?,5,card_arrival
a while ago i requested a refund from a seller. i keep checking my statement but i have not been refunded yet. i'm confused why i haven't gotten my money back yet but i need your help getting it please.,20,Refund_not_showing_up
i cannot find my refund on my statement.,20,Refund_not_showing_up
the currency exchange rate was wrong for a purchase i made.,9,card_payment_wrong_exchange_rate
a cash withdrawal has been done that i didn't do.,11,cash_withdrawal_not_recognised
"i'm really concerned because i only made one transaction, but it's appearing multiple times.",25,transaction_charged_twice
"while getting cash, i was charged a fee.",10,cash_withdrawal_charge
why would a card payment be declined?,12,declined_card_payment
i cannot activate my card.,0,activate_my_card
i transferred some funds but i don't see it,1,balance_not_updated_after_bank_transfer
"when i look at my statement there is an extra fee, that is for what?",15,extra_charge_on_statement
why was there a fee when i pulled cash?,10,cash_withdrawal_charge
there has been a red flag on my top up.,23,top_up_failed
why can't i see my funds after i topped up?,18,pending_top_up
the top-up did not go through.,23,top_up_failed
why was the payment on my card declined?,12,declined_card_payment
i am still waiting for a refund,20,Refund_not_showing_up
"i have moved to a new house and set up a rent payment to my landlord, it was supposed to be in her account a few days ago but it hasn't arrived. i definitely sent it to the right place, can you confirm where the money is?",27,transfer_not_received_by_recipient
i was charged an extra fee for a card payment. i was unaware of these fees beforehand.,7,card_payment_fee_charged
i think there's been an unauthorized cash withdrawal from my account.,11,cash_withdrawal_not_recognised
my app is showing a payment that i know i did not do. can you please cancel that transaction and credit my account please?,14,direct_debit_payment_not_recognised
i don't know why my credit card was declined while i was trying to top-up. was it something on my end or was there something wrong with the top-up function?,23,top_up_failed
i did a cash deposit to my account but my balance is still the same. what happened?,2,balance_not_updated_after_cheque_or_cash_deposit
why do i see a random withdrawal in my app?,11,cash_withdrawal_not_recognised
"i recently transferred some cash, but the balance has not changed.",1,balance_not_updated_after_bank_transfer
i was declined when trying to withdrawal cash!,13,declined_cash_withdrawal
why does my statement show a $1 charge on my account?,15,extra_charge_on_statement
why have i been charged a fee for card payment?,7,card_payment_fee_charged
somebody made a withdrawal from my account for 500. i have my card so how can this be? does somebody have a duplicate card or something? help please.,11,cash_withdrawal_not_recognised
"my card is showing a fee from when i used it, but i thought this card was supposed to be fee free?",7,card_payment_fee_charged
why was i charged a fee when i withdrew money?,10,cash_withdrawal_charge
i recently bought something abroad but the exchange rate is incorrect. why?,9,card_payment_wrong_exchange_rate
"i just noticed that i supposedly made a payment to a seller a while back. the problem is, i don't recognize the seller. there must be a way to see who it is or track the payment. can you do that, because i don't remember this transaction?",14,direct_debit_payment_not_recognised
how do i link the new card?,6,card_linking
i want a refund on this.,21,request_refund
why can't i withdraw funds from my account?,13,declined_cash_withdrawal
when will my top up process?,18,pending_top_up
i requested a refund but can't see it.,20,Refund_not_showing_up
"is there something wrong with my card payment? it's been pending a really, really long time.",16,pending_card_payment
i'm expecting to see a cash withdrawal but i'm still waiting.,17,pending_cash_withdrawal
how long do i need to wait to see an update after i make a bank transfer?,1,balance_not_updated_after_bank_transfer
i need to transfer some money to a friend who is in urgent need of some fast cash. how long will it take before she can use that money?,27,transfer_not_received_by_recipient
i tried to withdraw cash from your atm but my transaction was cancelled.,13,declined_cash_withdrawal
i got cash and the exchange rate should have been different than it ended up being.,29,wrong_exchange_rate_for_cash_withdrawal
i would like to cancel my purchase.,21,request_refund
unknowingly to me the payment sent to seller has been redeposied back in my account. i do not know why it would take out the payment and then put it back in my account. can you resolve this as soon as possible?,22,reverted_card_payment?
can i call to get my card activated?,0,activate_my_card
my latest transfer seems to be missing.,1,balance_not_updated_after_bank_transfer
my refund is not showing up in my account. where is it?,20,Refund_not_showing_up
exchange rate for my card payment is wrong,9,card_payment_wrong_exchange_rate
looking at my account i've noticed a charge that appears to still be in progress. i had attempted to get money out of the machine earlier but the machine seemed to have been broken. i never received my money so will you please look into this for me? i don't want to be charged for money i never actually received.,17,pending_cash_withdrawal
there is a record of payment i never submitted on the app.,8,card_payment_not_recognised
"i'm not sure what is going on here. i've received payment back into my account for an item i've already received, from about 2 weeks ago.",22,reverted_card_payment?
a payment is showing twice. why is that?,25,transaction_charged_twice
where'd the rest of my cash go from the atm,28,wrong_amount_of_cash_received
why cant i transfer to my account?,3,beneficiary_not_allowed
i am inquiring about a $1 charge on my statement.,15,extra_charge_on_statement
"i made a card payment, but it has been declined?",12,declined_card_payment
how do i link one of your card that i already have?,6,card_linking
i have a fee showing from last time i used my card.,7,card_payment_fee_charged
i haven't received my order and want a refund,21,request_refund
why doesn't the person i sent money to see that transfer yet?,27,transfer_not_received_by_recipient
i tried to charge my card but it was declined. a couple days ago i was able to charge it and it was accepted. is something wrong? will you double check for me please?,23,top_up_failed
what is the average pending time for a transaction?,19,pending_transfer
i cannot seem to activate card,0,activate_my_card
what does it mean if my cash withdrawal does not show up properly?,17,pending_cash_withdrawal
what does it mean if my payment has been reverted?,22,reverted_card_payment?
please help me. i am still waiting on a refund.,20,Refund_not_showing_up
can you please explain why i was charged an extra fee for my transfer?,26,transfer_fee_charged
the wrong account was used during a transaction.,4,cancel_transfer
can you tell me why i was charged extra when i withdrew money?,10,cash_withdrawal_charge
i requested a refund for a large order the other day and don't think i received the funds. can you tell me if you see them or not?,20,Refund_not_showing_up
could i raise a dispute for a large payment that i found out was not done by me in my couple of last statements? i am aware its delayed now. please help me out.,14,direct_debit_payment_not_recognised
"i purchased something abroad, and the exchange rate that was applied was wrong.",9,card_payment_wrong_exchange_rate
the exchange rate for case abroad is applied wrong.,29,wrong_exchange_rate_for_cash_withdrawal
is there a charge for cash withdrawals? i always thought it was free.,10,cash_withdrawal_charge
"help, your app is showing a larger wd than i actually did earlier at an atm.",28,wrong_amount_of_cash_received
i found my lost card in my jacket pocket this morning so i'd like to reactivate it please.,6,card_linking
i had to pay money for paying with my card.,7,card_payment_fee_charged
i got charged two times for a transaction,25,transaction_charged_twice
"hi, i am interested buying crypto currency but unable to purchase it through the application. i do want to do the exchange, could you please let me know what is the problem?",3,beneficiary_not_allowed
cancel a transaction,4,cancel_transfer
how do i find out how or where this transaction on my account came from?,8,card_payment_not_recognised
the atm didn't give me enough money.,28,wrong_amount_of_cash_received
i need my refund,20,Refund_not_showing_up
what can i do to track the card you sent me?,5,card_arrival
"hi, i made a transfer from france two days ago and thought it would be here by now. can you give me an update please?",1,balance_not_updated_after_bank_transfer
i got billed an extra pound!,15,extra_charge_on_statement
why do i have an extra fee on my statement?,15,extra_charge_on_statement
why is there a 1 euro fee on my statement?,15,extra_charge_on_statement
"the past few times i've been to the atm, i was charged a withdrawal fee. have your policies changed regarding fees?",10,cash_withdrawal_charge
i was issued a card about a week ago. why hasn't it come in yet?,5,card_arrival
can you explain the various transaction times shown on my statement?,25,transaction_charged_twice
"is there a fee for making a payment? if so, let me know why.",7,card_payment_fee_charged
im not sure if a seller is giving me my money back! i asked them to refund my money for the item but it's been a week now and still nothing has been given back to me. can you resolve this for me?,20,Refund_not_showing_up
"so, i was under the impression that you have an offer for crypto top up. this doesn't seem to be working. now, the money has just disappeared from my account. what is the deal?",24,top_up_reverted
i just found out from the seller that my money didn't go through. i checked my account and it was deducted at first but now it's back in my account. can you please fix this for me quickly?,22,reverted_card_payment?
it does not appear that my message went through.,23,top_up_failed
"i have been charged more than i should for the presents i bought when abroad, the problem seems to be the exchange rate.",9,card_payment_wrong_exchange_rate
i saw a fee on my receipt from withdrawing money while shopping earlier. is there supposed to be a fee for this type of transaction?,10,cash_withdrawal_charge
is the atm broken? i can't get cash from it.,13,declined_cash_withdrawal
i am having problems with a top-up.,23,top_up_failed
how do i get a refund for a direct debit payment i didn't make,14,direct_debit_payment_not_recognised
why does my top-up get cancelled?,24,top_up_reverted
is there a reason my cash withdrawal was declined?,13,declined_cash_withdrawal
there is a payment that i made that i noticed has not gone thru yet. can i ask why?,16,pending_card_payment
why has my top-up been denied?,23,top_up_failed
why was i charged a fee for my withdrawal?,10,cash_withdrawal_charge
they used the wrong rate when i made a purchase with foreign currency.,9,card_payment_wrong_exchange_rate
i have withdrawn cash from the atm but it is showing in my account as a pending transation. why is this?,17,pending_cash_withdrawal
"i checked my statement and saw a charge of one pound, where is this charge coming from?",15,extra_charge_on_statement
why would my top up be reverted?,24,top_up_reverted
what do i do if there is an electronic debit that is not correct?,14,direct_debit_payment_not_recognised
"i was charged a transfer fee, why is that?",26,transfer_fee_charged
my cash withdrawal was short.,28,wrong_amount_of_cash_received
what caused my cash withdrawal to be declined?,13,declined_cash_withdrawal
how long does it take to verify a cash withdraw?,17,pending_cash_withdrawal
i believe my exchange rate is incorrect,29,wrong_exchange_rate_for_cash_withdrawal
why is there a fee for the transfer i made?,26,transfer_fee_charged
i think my card payment was reverted,22,reverted_card_payment?
how long do money transfers take? my friend really needs the money i sent a couple of hours ago but it's not there yet.,27,transfer_not_received_by_recipient
what is this €1 charge?,15,extra_charge_on_statement
is it normal to get charged extra when i use my card?,7,card_payment_fee_charged
i want to cancel the transaction i made earlier,4,cancel_transfer
i had an unexpected fee,26,transfer_fee_charged
i want to cancel a transfer i just made.,4,cancel_transfer
when do you charge fees on accounts? i just saw a charge on my statement.,7,card_payment_fee_charged
i found the card i thought i lost this morning. can i reactivate this card?,6,card_linking
"i want to reactivate my card, i thought i had lost it but found it again this morning.",6,card_linking
"hi. a couple hours ago i make a transfer from my uk bank account, but it hasn't shown up. please, would you see what the delay is?",1,balance_not_updated_after_bank_transfer
what do i have to do to activate my card?,0,activate_my_card
my atm transaction was cancelled.,13,declined_cash_withdrawal
there is a direct debit that looks suspicious.,14,direct_debit_payment_not_recognised
i need help as fast as possible! i made a mistake on my most recent transfer; can you please stop it before it goes through?,4,cancel_transfer
i am seeing a direct debit i wasn't aware of.,14,direct_debit_payment_not_recognised
why didn't i receive the right amount of cash at the atm?,28,wrong_amount_of_cash_received
my money is back in my account after a seller contacted me stating they never received payment. i am positive it was deducted out of my account. please get this sorted out right away.,22,reverted_card_payment?
where is my recent refund in the my statement?,20,Refund_not_showing_up
i tried to pay through my account but the payment is not going through. what's going on?,16,pending_card_payment
how long does it take for a new card to ship?,5,card_arrival
i added money to the card but the transaction didn't go through,18,pending_top_up
"the transaction for the cash i pulled out of the atm earlier is pending in the app, but how if i already have the cash?",17,pending_cash_withdrawal
what is this extra fee that i got when i used my card to pay?,7,card_payment_fee_charged
i was the victim of someone stealing my wallet. my card is being used and it isn't me. what should i do?,11,cash_withdrawal_not_recognised
i finally got my card. now i want to link it. is that something you have to do or can i do that?,6,card_linking
i was refunded the money for something i bought already.,22,reverted_card_payment?
i'm waiting for my transaction to complete.,27,transfer_not_received_by_recipient
the app isn't showing my transactions,27,transfer_not_received_by_recipient
is there a way to link the card i just got?,6,card_linking
"how long do eu transfers actually take? i bought something online a couple days ago, sent the money immediately online but the seller says it's still not there yet.",19,pending_transfer
i don't recognize a charge on my statement.,8,card_payment_not_recognised
is there a way to fix my top up,23,top_up_failed
please tell me why i am having problems transferring to a beneficiary.,3,beneficiary_not_allowed
"when i bought something abroad, the exchange rate was wrong.",9,card_payment_wrong_exchange_rate
"i tried to get money out of the notting hill atm earlier, but i wasn't able to get it to work. is my card with issue? it's the first time i tried using it.",13,declined_cash_withdrawal
why is my card payment still pending?,16,pending_card_payment
i think my top up has been reverted,24,top_up_reverted
can you tell me what this fee is on my statement?,15,extra_charge_on_statement
i have a card that was deactivated can i reactivate it?,6,card_linking
the exchange rate you are using is really bad. this can't possibly be the official interbank exchange rate.,9,card_payment_wrong_exchange_rate
i think a fee was applied for paying with a card.,7,card_payment_fee_charged
what are the fees imposed when i make a transaction?,7,card_payment_fee_charged
my top-up appears to be pending.,18,pending_top_up
"my new card isn't in my app, how do i get it in there?",6,card_linking
what does a pending cash withdrawal mean?,17,pending_cash_withdrawal
why did the app deny my top-up?,23,top_up_failed
"i am at the atm and tried to withdraw 30 pounds and it only gave me 10 pounds, what do i do?",28,wrong_amount_of_cash_received
can i get my money back on an item?,21,request_refund
my app says i withdraw funds from my account through an atm.,11,cash_withdrawal_not_recognised
